0,1,2,3,label
3.079358,-7.983924,-2.8614042,-6.4534287,0
-16.454721,5.548169,-1.5092015,-1.7779207,1
-7.9334083,1.4083258,-15.280414,-0.64650035,1
-11.360335,-2.2847373,-5.637422,8.553872,3
-5.818801,-0.16241655,2.1046758,-14.119304,2
-15.903869,-2.2446346,5.8922496,-7.2094984,2
-4.950305,-23.441444,-11.736683,15.292646,3
-4.637903,-6.119551,7.9278665,-10.514039,2
-3.9888942,-4.5825806,6.114108,-3.8917267,2
-4.8688684,2.0797074,-0.59535736,-8.132824,1
5.4400578,-7.3746123,-7.581032,-5.086127,0
6.3274164,-1.1987528,-5.1012907,-10.002543,0
2.0656211,-1.825891,-10.097138,-6.99727,0
-7.0010076,-4.592621,16.109991,-16.232231,2
-7.744717,-0.9257879,-15.095957,6.075782,3
-200.389,104.947075,-27.684204,-73.92259,1
-4.260399,-0.8296304,8.572339,-12.6410675,2
-12.191782,6.091987,-16.330168,3.8764405,1
-4.271159,4.103257,-10.750648,-5.2785583,1
5.6409225,-2.2015827,-3.8620942,-12.085042,0
-5.787722,4.4728446,-6.448613,-0.22801596,1
3.0673633,-2.8936155,-3.9930708,-2.1966193,0
-2.7652745,-6.3560166,10.776388,-9.759053,2
-18.857853,-19.432304,-4.761446,16.682827,3
-11.329601,-3.6997418,-9.050605,10.608207,3
-2.4417114,-6.2684646,8.036092,-11.528834,2
-32.493015,-38.326736,-0.15538633,18.20285,3
-14.737396,-2.0657604,14.098712,-48.903408,2
-11.464314,5.973157,-17.939661,-1.3176446,1
4.726151,-4.788918,-3.2930818,-8.740389,0
-0.2508705,-5.8407536,-4.389688,-2.5568986,0
5.786966,1.7567095,-10.468411,-26.794226,0
-8.834706,-6.8339286,6.218363,-0.6669925,2
-6.517751,-1.6173584,-3.454209,2.405724,3
-6.1708174,-9.878525,5.5276723,-6.949741,2
-16.378326,-9.136663,24.462048,-19.551659,2
-11.528169,5.771506,-8.252388,-2.4503982,1
-8.962028,-3.779383,11.427578,-13.680895,2
11.104915,-1.9374425,-1.6477581,-18.874224,0
-13.406356,2.2938514,10.4363785,-7.7935443,2
-5.6432395,3.4123447,-4.6529794,-2.0810404,1
-6.1087418,-18.092976,-131.84502,47.0551,3
10.265172,-9.486669,-0.10579109,-69.90881,0
-98.89564,-42.66598,-22.543283,49.881947,3
-13.754354,-1.9518583,10.56635,-6.7722034,2
-10.728691,-3.620262,-5.879293,6.6649485,3
-8.607084,-6.301969,-1.7819245,4.9712977,3
-4.853913,3.0226104,-11.713619,1.9557064,1
-6.010639,-0.9768522,-5.0787153,2.149169,3
-3.2162879,-2.8460925,5.4797406,-8.288591,2
-38.775597,26.97616,-81.672615,-31.253208,1
-1.845367,-0.097454906,6.187359,-12.415573,2
-3.0673833,-3.172243,4.145392,-12.953431,2
-15.596953,11.383133,-4.6683006,-12.415698,1
-9.41626,-2.0728557,13.009986,-15.986228,2
5.605215,-6.776642,-1.1896752,-9.532666,0
-0.5478563,-10.05227,4.407029,-6.396065,2
-16.10353,0.42156792,8.209985,-6.973176,2
-23.252134,-35.62406,-21.333845,17.398674,3
11.355526,-10.7466955,-37.91244,-38.440582,0
-47.498787,-46.544533,-29.217257,27.176907,3
-2.0658243,-3.6756818,2.045351,-4.553134,2
-5.816944,-7.7326045,8.005582,-5.588766,2
-6.436883,-0.3606105,4.0305176,-14.122469,2
15.948426,-19.167366,30.17442,-131.97902,2
2.0539238,-3.0672355,-4.78472,-4.453111,0
12.887049,-7.7147794,-16.250587,-15.215372,0
-10.8131895,-7.5667014,12.927347,-3.6541605,2
-2.829569,40.870365,-50.51437,-106.0428,1
-1.2011839,-12.109339,-7.8004737,0.33285236,0
-7.1843953,8.881994,-1.5234126,-25.43371,1
-11.478336,9.029093,-13.145105,-0.13110013,1
6.9539194,-3.831418,-4.1160493,-11.361482,0
-12.564322,-8.492137,-4.7616053,8.674649,3
-5.8429656,-2.4778624,-5.3701477,1.993149,3
-4.1647086,14.262848,-8.1608305,-21.454445,1
-1.5016421,0.054421693,-8.271344,-3.523848,1
0.9924524,-6.5399237,-6.553514,-0.72824246,0
-2.3830237,-4.4592147,8.0615015,-12.923058,2
7.0711813,-10.374596,-3.0821495,-8.090357,0
-6.727752,-17.040466,-18.993603,16.137295,3
-4.4160914,15.23685,-4.868015,-26.986795,1
-11.3881855,-4.827222,6.564234,-4.278262,2
-3.2061057,-7.1353626,5.5562873,-7.69119,2
-0.07850364,-3.5364623,-5.636755,-2.4217856,0
-35.695923,53.485638,-35.666218,-74.740715,1
-5.030203,-4.713318,9.303186,-15.651787,2
-2.6666615,-1.9664366,-6.9110117,-5.5911984,1
6.3555694,-3.85824,-6.4594555,-7.399724,0
-10.189868,4.587987,-5.7301874,-5.331708,1
-2.0418706,4.211642,-9.074581,-1.539999,1
5.2790027,-9.682275,-2.7507405,-7.295856,0
3.6610255,-5.0971355,-3.6530895,-1.7405894,0
-5.6724834,-6.961942,5.983339,-1.9383378,2
-4.752668,2.2662866,-8.572673,-3.511815,1
10.0944,-8.42119,-5.799676,-15.942781,0
-11.208358,-3.02345,7.9242725,-3.6258678,2
2.9661746,-4.478195,-8.622817,-3.6467981,0
-8.753727,-3.1839113,3.3332133,-1.0670738,2
-12.023634,-4.698583,20.966595,-25.720755,2
4.9706163,-6.2670636,20.042292,-52.740273,2
3.2714267,-7.985815,-7.4292774,-3.7768388,0
-6.5682864,-1.3438938,-8.68231,4.5972147,3
-11.029446,-5.8029785,12.533727,-6.4523687,2
-9.112686,-1.1952343,4.6572556,-4.3517923,2
-4.1544886,-3.9587612,20.572535,-33.470547,2
1.8385077,-1.695816,-5.7099175,-4.0501757,0
5.7548337,-11.303605,-16.52495,-8.304313,0
4.374485,-2.3736427,-9.149589,-0.68588066,0
5.0683994,-2.3811538,-5.0105276,-4.1325507,0
-1.5200903,-7.2790074,4.043555,-8.399121,2
18.43588,-35.120014,-21.439447,5.1724825,0
-5.1705766,-4.672794,4.172558,-7.7128143,2
-7.8846455,-13.452736,-83.762566,31.03279,3
-15.2433195,-2.3296342,-1.9040602,6.063438,3
-10.118373,4.981308,-5.214689,-1.6352873,1
-15.252663,-19.22634,-1.7544804,7.1368003,3
-62.868603,124.265366,-106.07236,-269.12766,1
-2.1367955,-3.7734256,6.1335135,-3.7291532,2
-41.67417,-19.132208,-31.756948,14.379469,3
-4.1768765,-0.23726097,13.20808,-33.361126,2
-4.7844405,-1.7692187,-7.912872,3.3711958,3
-5.7533917,0.93492407,0.5053028,-3.8258874,1
-12.167483,8.429224,-13.379073,-0.37252522,1
-8.01423,-2.4201121,-9.285274,2.9860394,3
-7.752034,-2.600997,-3.8071005,3.1586668,3
-1.410987,0.6475529,-8.924778,-4.183771,0
-7.290179,-6.159731,-13.965139,3.3437479,3
-9.031724,3.6143687,-0.42779538,-2.2228413,1
-11.90356,-4.082651,-8.321698,11.852471,3
-46.45049,-26.43815,-11.534075,22.553991,3
6.7343225,-3.2134373,-5.602875,-5.139412,0
2.4044378,-3.9489946,-6.57057,-2.334129,0
-5.632271,-7.0383716,12.8202915,-8.672307,2
-5.1106567,-5.0743976,-2.6356678,4.479446,3
-8.878036,6.0925426,-2.0501664,-10.644374,1
-9.936546,5.4597507,-2.6610816,-5.54655,1
-5.263248,-0.89364165,5.5674496,-7.5594645,2
26.796623,1.6348605,-10.574226,-58.746555,0
-31.270039,140.74275,-131.0554,-236.7426,1
-70.38608,-23.574316,-22.67321,26.590544,3
-14.750702,2.3727508,10.991201,-7.500018,2
-6.221599,4.7788663,-9.164232,-1.5918127,1
-2.760147,2.6427476,-8.3442545,-2.4226892,1
-3.6225986,-5.6896467,24.08232,-38.821438,2
-7.8222785,-7.600165,13.249988,-6.944225,2
0.6963394,-5.0156918,-4.552689,-6.2524786,0
5.888564,-0.26997623,-5.3559265,-9.236834,0
-12.29128,2.5584283,-8.455055,5.2025414,3
-18.603848,24.991125,-22.371998,-45.88724,1
4.7415214,-7.1812987,-3.862621,-6.589547,0
0.24352896,17.572569,-11.209057,-31.00302,1
-3.3445814,-4.395756,4.9198008,-7.0736427,2
-12.859241,-2.3756168,7.990751,-11.429805,2
-2.7587552,-1.3983684,5.980751,-11.117392,2
-7.632753,-4.5244036,9.027354,-6.961724,2
-14.664164,-27.318848,-18.485561,22.523212,3
-13.211864,-5.115672,10.396694,-15.248515,2
-6.3339715,-2.09334,-5.0997715,1.7838479,3
-4.5019336,2.7382421,-2.3515525,-8.490846,1
-8.274598,0.33195746,-4.7177567,2.2395759,3
-9.022568,-2.0529015,6.129897,-20.694363,2
-34.291737,-25.246185,-26.297493,31.209538,3
1.4737636,-7.950254,-1.757177,-2.981807,0
-1.4157218,2.8137324,-8.132025,-6.8709307,1
-7.8917756,-4.47639,-20.456675,8.426935,3
-2.089376,-5.6584477,6.1973906,-6.25131,2
-20.054035,-10.551323,30.614645,-31.36505,2
-13.985594,-15.995465,-89.2855,36.795597,3
-8.059595,-0.25582713,7.1240683,-18.390488,2
-142.95006,62.29192,-58.29248,-62.51176,1
5.1737976,-8.942698,-8.217896,-1.8511823,0
-20.183643,-2.7022705,6.666022,-18.541605,2
-5.314727,4.3873982,-3.8230321,-6.977068,1
3.848453,-41.604664,-17.553658,20.702166,3
-6.973374,-1.5647593,-5.854497,4.485861,3
-9.797966,-5.581648,-2.9497166,7.817977,3
-8.526514,-6.029286,7.9532027,-3.4164665,2
-0.7948123,2.4927008,-5.784893,-3.8734555,1
-9.872193,6.594829,-10.414907,-2.9688892,1
-17.85312,-1.1784325,10.186738,-8.114119,2
-2.3348324,-4.279047,9.519573,-20.555544,2
-11.968318,0.38896078,-4.3918705,4.7333927,3
-10.808177,3.6173663,2.7100728,-6.713108,1
-4.185529,-3.4552388,-14.282709,-7.515682,1
-0.69754326,2.2419703,18.725548,-81.21563,2
2.393911,-8.798966,-3.3948755,-2.4244406,0
-65.992455,43.878403,-83.35733,-93.483475,1
-2.6089623,-4.2723103,-14.685855,3.0651205,3
-3.696667,3.7094386,-5.3209124,-2.2385714,1
-2.2355938,-1.9059097,-4.146373,4.259829,3
-20.639154,-3.0193737,13.132288,-4.373805,2
-11.081788,-5.1479564,12.505826,-7.369296,2
-12.449234,5.1838436,-0.6460948,-2.5491958,1
-2.9254668,-5.004156,-9.123114,5.553017,3
0.36194712,-6.8632402,-1.3567978,-3.607617,0
3.8234997,-14.037885,-3.3159897,-0.94269615,0
-1.1857731,-10.612356,-4.367651,-2.3635237,0
-6.172631,-1.1786625,-4.144379,5.957998,3
-4.5285873,-1.7374064,-0.4248445,-2.5025406,1
2.967192,-4.896588,-3.7668726,-5.833001,0
-7.801558,1.9283228,-18.711044,-9.835572,1
20.72842,-2.208708,-2.2277822,-58.368504,0
-11.350212,11.63661,-11.282747,-5.065974,1
-7.5790453,-0.5195213,-5.8157067,4.0614514,3
-3.8651013,-2.2647552,5.2200565,-6.1585593,2
-12.10288,-3.8448334,-4.455841,7.933036,3
-2.624589,3.7453713,-2.0851524,-9.216675,1
8.389586,-18.376007,-12.280205,5.55582,0
-0.9835567,-5.2709026,7.8168836,-9.804061,2
-9.943751,-2.9001179,-9.582515,7.271482,3
16.888395,-4.53912,-11.364437,-27.11724,0
5.3002114,-4.1372466,-2.551464,-7.1736345,0
-7.1671386,-5.9257264,3.9228399,-1.1672194,2
6.080595,-9.764512,-3.1998575,-46.295204,0
-3.0160143,-4.6709666,10.348559,-14.729842,2
-80.315445,90.856415,-96.23711,-85.10432,1
-0.79494506,-3.464831,1.9230602,-3.9836109,2
3.7957864,-10.289168,4.02488,-9.019159,2
-4.8291607,-8.940296,8.903349,-8.703403,2
-1.4472735,-11.748713,6.4735227,-6.181797,2
-11.326842,0.6393187,-7.3520446,7.2851686,3
-77.42304,-13.394519,-31.75345,16.877098,3
-11.406662,-3.7152076,-7.558203,8.706897,3
26.588285,-2.626365,-14.623324,-62.516777,0
-6.6822505,-2.0372472,11.973795,-10.760962,2
-9.496863,-5.860965,6.434309,-0.85429466,2
3.845728,-1.7571899,-1.9750897,-7.5801444,0
49.107864,-15.337634,-50.362267,-52.877827,0
-58.2692,18.035976,-56.110535,-3.9871802,1
-10.739061,6.5959234,-11.181613,0.8348293,1
-8.866189,-0.7960947,-12.897481,7.409895,3
-9.105939,-8.159787,-6.3598146,6.141466,3
-0.009293318,-1.7359132,-8.3497715,-6.4957047,0
0.56419766,-7.1113133,8.369076,-11.605032,2
-23.938078,-3.2530522,25.915285,-38.121094,2
-8.568827,-2.5667956,-9.808051,6.7582927,3
-10.757426,-6.4765797,22.63813,-47.456055,2
-1.7691475,-36.392296,-23.546312,7.3867774,3
-1.3997123,-4.3047504,-11.194402,-3.5216625,0
2.4188502,-3.7849567,-5.0226173,-3.8308754,0
-9.08635,5.489538,-0.17046323,-4.910364,1
-16.377197,-10.757927,9.522637,-10.683813,2
-4.3587384,-3.577733,5.374476,-4.8668075,2
-8.548348,6.245173,-25.226282,-6.261169,1
-13.219499,8.127607,-12.852284,0.11329776,1
-9.998099,-2.450586,8.323824,-8.05966,2
2.9194396,-4.709926,-3.4210622,-7.8795567,0
9.970504,-3.1848326,-0.961447,-19.031334,0
4.2194567,-8.707231,2.4248743,-6.660573,0
-2.2689943,-3.1336832,-10.465718,-2.6431053,0
5.0028696,-2.899064,-6.344999,-3.6833646,0
-36.8713,-12.646486,-21.612354,9.7565775,3
-11.791167,0.593833,-26.383316,11.565427,3
-1.2869158,-1.9021959,9.065936,-14.844544,2
2.2962162,-4.728748,-0.5693679,-6.577917,0
11.618638,-0.46840903,-10.070623,-25.340338,0
2.0886428,-3.7961366,-3.0597827,-4.572045,0
-11.185284,-28.703056,-18.433207,21.35017,3
-5.6471024,5.356963,-1.6393518,-8.645225,1
2.9275057,-2.7444172,-4.8919177,-2.4072652,0
-75.799866,35.723244,-46.469032,-42.294365,1
-6.275042,-6.912008,9.845004,-5.589664,2
-11.076655,-1.1663518,-25.653889,6.0985875,3
4.345658,-2.0645943,-7.5008163,-12.388161,0
-12.96355,-12.797944,-4.8953,9.79877,3
0.20498703,-5.545955,-13.569433,-3.9322665,0
-4.3431706,-4.2892175,11.582223,-17.670404,2
-9.767299,0.73960745,-7.6616964,4.6243634,3
1.9504769,-2.5348861,-5.942477,-1.888063,0
-12.647527,8.591171,-9.45746,-1.6368167,1
4.9548445,-3.1380157,0.4948656,-10.993758,0
0.42836905,-3.8310401,-3.6430218,-4.774372,0
-10.517425,-4.94673,10.163335,-10.542662,2
-0.4342403,-9.22878,5.501325,-7.0844793,2
0.37125146,19.942102,-14.447769,-31.91139,1
-1.5241023,1.224237,3.329506,-10.246465,1
-7.751903,5.243445,-4.7928658,-1.109124,1
-0.59590584,14.269763,-7.1153607,-29.544327,1
7.2923093,-6.5002165,-22.123615,1.3754532,0
-1.8059546,-3.9110432,0.052775525,0.100590676,3
-12.428049,6.71413,22.047848,-93.46786,2
-12.265472,-0.4800985,-23.424986,11.821854,3
-19.7848,2.1710317,15.986864,-33.435028,2
0.88359773,-6.603843,11.958544,-20.859863,2
6.327906,28.237038,-23.398367,-176.70885,1
-1.628261,-7.1649933,-9.260951,1.6448281,3
-5.8908615,-0.65093136,-6.6615987,2.157225,3
0.596268,-3.4577417,-9.628199,-5.324394,0
-25.61846,-7.979681,21.196188,-31.357656,2
-19.029451,15.353727,-18.292955,-0.7224745,1
0.007753585,5.8832245,-5.559184,-12.78468,1
-7.0537004,5.8762693,-22.225954,-0.019110575,1
2.7733898,-25.041481,-19.393797,9.371687,3
7.3485866,-11.316574,18.385342,-80.62938,2
-4.6591244,-0.22804542,3.1325605,-7.4774604,2
-4.9751053,6.8499484,2.4901373,-20.534569,1
0.51189595,-6.4203415,4.5730157,-4.5457587,2
-2.7187874,8.533944,-4.119924,-16.97419,1
21.482931,-16.582434,11.238391,-153.31358,0
-30.609776,-33.06863,-10.554523,20.71437,3
2.4820414,-1.3183184,-1.9000009,-8.939952,0
-11.405997,-3.9681268,-15.669156,7.317633,3
-8.837282,8.966832,-4.343996,-10.968888,1
-4.773261,-2.2412124,4.1311436,-8.719516,2
-24.419468,-52.078777,-34.898323,26.65535,3
-12.167336,0.03198783,-20.66144,6.9107766,3
-8.342108,-1.787355,-1.0796771,1.6756582,3
-1.9322556,5.1727157,-5.383306,-8.490426,1
-5.640303,-2.7437313,-5.510045,2.320407,3
-8.706557,-9.187197,-75.12791,28.113985,3
-8.126232,1.1236491,-9.789811,-3.0205355,1
6.3166556,-1.919937,-3.813832,-9.033779,0
-6.5574527,-7.646523,-12.746769,2.9124565,3
-9.211783,-4.349221,7.596757,-8.438802,2
-11.149759,4.819265,-3.9450457,0.51885015,1
-7.99241,5.872356,-6.1502595,-3.3223135,1
-3.5720067,-6.230988,8.713065,-8.942978,2
2.5514688,-0.73808897,0.61955065,-18.597404,0
-7.9076533,-2.2940726,1.1909583,-6.8450146,2
-5.627952,-1.2288786,-7.0642076,2.9970942,3
-4.657025,-1.9268857,-13.16287,0.9272921,3
-13.086228,-5.3375044,7.846018,-23.469612,2
5.189456,-2.9397922,-6.6394653,-6.7393913,0
-30.6994,-0.54356253,8.9769945,-14.735672,2
0.56200445,-5.966747,-7.6828256,0.5363349,0
-7.1130853,-0.62721205,-4.7896767,2.8205495,3
-9.95266,-5.3315783,11.791983,-5.105547,2
-11.528179,-11.277503,-72.8779,26.16209,3
-5.242118,2.3535485,-9.093993,-0.11013985,1
-5.1046863,-3.2937093,-6.044399,4.9645905,3
-9.092574,-9.288458,-81.423065,28.969952,3
-13.451451,-2.4599576,-6.50705,11.343289,3
-4.211713,3.7310855,-5.3162866,-2.0782375,1
-27.387531,-21.84145,-9.662907,19.643162,3
2.1966145,-3.2140944,-3.2815413,-6.731303,0
-6.9105806,-8.544072,10.497832,-1.0553023,2
5.704086,-5.615731,-2.1491609,-8.488795,0
-5.069543,-2.363621,-16.241167,4.813482,3
-5.78948,-5.8597627,-3.0360641,5.823085,3
-0.8630556,-1.6462342,6.4210668,-10.844109,2
-18.747309,-27.670082,-15.956632,24.026386,3
-4.327619,-4.2185564,-2.9049008,2.850688,3
9.189041,-12.188956,-4.0330925,-19.569324,0
-64.24608,18.235098,-45.962517,-1.3780321,1
5.091732,-4.816306,-1.2773277,-9.896918,0
-11.391782,-1.6081856,-23.888441,12.130234,3
-8.7436,3.5680397,-5.3728795,0.2964347,1
-5.480824,-5.2852855,5.0360622,-2.1777103,2
-5.4206,6.7350507,-6.1150384,-11.476289,1
-3.1881628,-1.326729,3.7143955,-8.758995,2
-4.043123,-3.10095,6.5243654,-10.75384,2
2.129635,-2.5855436,-3.507717,-2.9497318,0
-4.3559737,-7.8211493,8.164892,-11.825599,2
-0.10949557,-7.542226,-6.811196,-1.3262994,0
-8.359718,-10.88593,20.147854,-14.736303,2
-11.168557,2.8390627,17.8811,-38.01415,2
0.23213041,-4.791538,-7.959438,-5.6840587,0
1.1137726,-3.1842983,-3.9176772,-7.9514055,0
-3.1352737,-3.3076637,-8.792274,-3.135109,0
-9.036677,-1.0684735,-0.6748078,-4.8908877,2
-2.2516477,-2.7065065,-4.617742,4.9835863,3
2.3620965,-4.1480823,-4.5706315,-3.2515383,0
-6.861891,4.0553236,-11.5400715,-3.585147,1
-8.368024,0.53295493,-12.729315,6.2531075,3
0.10864222,6.4388027,-13.6906395,-4.768479,1
16.842785,-39.141804,-29.519026,-8.280753,0
3.391783,-2.0763147,-4.109327,-2.2553856,0
-3.9779937,-7.0874653,9.064372,-7.0197797,2
-1.9976524,-5.951191,-6.924276,1.7921014,3
3.946858,-4.709958,-2.4587147,-34.59479,0
-3.1228569,16.915522,-11.373121,-22.787996,1
-5.798875,-4.3106146,5.9127173,-7.6135893,2
-2.3849213,1.1459891,10.584624,-21.41351,2
4.195141,-9.25484,0.45442176,-6.0554094,0
-7.0195417,-2.2800434,8.72417,-24.357769,2
1.6158303,-12.72096,-5.6538672,-2.376165,0
-4.1747236,2.0076194,-8.2185335,-1.6048604,1
-9.735872,5.3906918,-2.3005624,-5.20256,1
3.0649714,-6.6337895,1.2900164,-6.7185493,0
5.255716,-9.511558,-6.499635,-4.1351314,0
-1.4808953,2.1627052,-6.222143,-2.8376825,1
-59.259842,-34.594406,-2.8478055,31.130545,3
-23.811357,-15.738337,9.399603,-2.2523398,2
-1.4009631,-7.6172385,-8.058025,-6.0790167,0
-17.538202,-7.292026,20.908083,-18.556625,2
-11.264475,-14.719917,-10.307973,10.512312,3
-4.6623673,-4.5184956,6.841906,-12.707183,2
-4.408231,-4.0781746,-3.5570881,2.6299388,3
2.4583604,-9.50437,-5.8892126,-4.1353755,0
-110.95149,64.00494,-94.614845,-37.36715,1
4.7110047,-0.9051556,-7.6996183,-4.6671224,0
-4.0284925,4.460529,-9.675076,-3.0123506,1
-18.051956,-26.490587,-19.770569,26.120338,3
-3.55271,-2.2153401,-3.3226557,4.0441732,3
-5.9972663,5.475107,-6.213385,-6.1211996,1
4.6589932,-1.758092,-8.459893,-4.476287,0
-5.6103654,-4.4102006,6.112619,-3.4449024,2
2.3188212,-12.83168,-2.375728,-1.6009339,0
-23.795359,-7.1914253,27.676039,-29.433578,2
-3.450568,-2.8916163,5.388509,-7.3163214,2
-20.63374,-8.453859,27.677567,-27.388006,2
-6.042528,-6.410764,9.878897,-7.6608553,2
-4.2218,8.100389,-7.0193925,-12.094809,1
-17.599365,-30.23239,-16.599066,9.703271,3
20.924274,-8.791142,-21.752052,-16.951998,0
-10.563394,-0.36573464,-4.684588,4.2673616,3
-10.780996,0.78063214,10.303571,-14.120971,2
-2.4414027,-3.097774,11.995983,-24.001926,2
2.7803016,-7.694953,-2.4337897,-3.760399,0
4.7480016,-2.6690874,-4.438506,-8.761309,0
4.4019003,-7.4145722,-0.4939124,-7.143323,0
1.0478828,3.7848446,-10.401249,-2.687499,1
-3.3452384,3.1059542,-3.8424256,-14.979603,1
17.221233,-1.5843036,-14.048731,-16.561773,0
3.9999955,-4.8394012,-4.456252,-6.975296,0
-7.5983315,2.3919015,-1.6722676,-5.822063,1
0.35460442,-6.6995306,-4.4774337,-4.591017,0
1.5340021,-2.3320532,-4.985425,-6.111965,0
-3.918147,-4.939442,12.4228325,-12.003975,2
2.506254,-5.1942077,-2.2545133,-5.9193754,0
-20.566505,-9.569829,-34.20727,7.8652816,3
3.1094482,-3.7197807,-7.514679,-10.438826,0
0.3238001,-5.150204,-7.1628246,-5.3761406,0
-3.7490022,4.878974,-6.018887,-6.2604785,1
-55.66057,4.7569113,44.284718,-85.414246,2
-21.955074,2.5748463,15.866964,-6.9513283,2
-36.328644,102.23683,-102.20237,-134.49219,1
-10.776394,4.438734,0.8806342,-4.764844,1
-57.439793,83.91021,-35.85265,-186.06592,1
1.5974029,-2.444615,-4.7846446,-3.712864,0
-8.46204,2.483058,-2.363542,-2.9416497,1
-0.19222412,-0.52038014,-4.066672,-6.7572308,0
-11.500577,2.3301022,-6.7129974,4.9322767,3
-18.880552,-21.714836,-6.3318415,6.6164093,3
36.13374,-1.2359632,-22.411974,-75.0842,0
-6.3934917,8.044004,-4.258321,-10.627537,1
4.870118,-4.796033,-7.3726454,-12.340399,0
9.664168,-4.2927446,-0.749905,-19.26797,0
-21.887388,-22.962034,8.602195,-8.908175,2
15.269112,-31.294394,-12.938535,5.0270157,0
20.16868,-18.532558,-5.009071,-17.60614,0
-7.9680095,3.1659524,-22.731277,-7.8956723,1
22.70506,-6.5919476,-21.684889,-23.677193,0
-4.105202,-7.1726494,7.684905,-8.083711,2
-12.574465,8.828067,-14.662754,-0.20159918,1
-5.3502226,7.0049887,-15.033967,-1.9675206,1
-4.955842,2.1689909,-2.1294763,-4.0847173,1
-9.783584,5.2653065,-1.1339014,-4.310249,1
-7.4299083,-1.6252552,-5.7080703,2.7098923,3
-5.2419324,-3.1799016,5.5136824,-4.9573236,2
-6.1517086,0.37223953,-7.8516316,0.3703667,3
-4.845875,-5.9675817,9.660774,-7.06402,2
-0.36120594,3.1639264,-5.51713,-5.760353,1
9.240124,-2.6620088,-0.68153596,-21.12588,0
-23.943008,-28.498238,-6.2330756,12.851668,3
-4.284434,-3.6267965,7.0140452,-15.898693,2
-7.532452,-0.7333011,-6.7465096,4.6685143,3
-11.629853,-5.3466945,13.40178,-7.818385,2
-3.577971,-3.8614612,7.3497524,-5.8786173,2
8.649631,-5.941538,-39.45579,-15.535326,1
0.012329608,-6.144647,13.506865,-23.952839,2
-5.0388136,-3.5340145,-11.714876,5.2397194,3
-3.2454278,4.141066,-5.5476007,-2.7730455,1
-2.0123618,-4.791869,6.279573,-14.494754,2
4.826623,-2.3773153,-11.51047,-4.929599,0
-5.3271074,-1.4797316,-5.4296007,2.69996,3
-7.588626,-7.1137366,8.107254,-2.1180592,2
0.880976,-6.619076,4.809432,-11.685613,2
-54.30875,160.50577,-154.88564,-187.43042,1
-12.822081,13.686006,-13.101329,-6.2533803,1
-2.608145,-0.4609356,-2.2110271,-3.4320433,1
-3.8167858,-2.901863,13.177462,-13.133692,2
-2.5116305,-0.3280647,2.5657034,-7.357919,2
-6.4742413,-0.002219811,-7.0300303,2.6247752,3
-5.2101483,-7.478688,5.0685525,3.117824,2
-74.34441,-19.647453,-34.768772,16.067867,3
-6.305117,-5.575666,6.9709687,-3.2472606,2
-8.112574,-1.9091347,-12.993946,5.1037626,3
2.5053976,-1.2620988,-7.1342106,-4.7071786,0
-8.840374,5.1959352,24.953564,-119.7146,2
-3.0119185,-3.6065924,-4.755961,3.5751824,3
-6.065949,-6.589595,-19.509844,7.973493,3
-4.365096,-4.8036046,9.040266,-10.6280155,2
3.0013988,-4.807348,-3.7789125,-3.429667,0
-11.37114,-1.1163483,9.063752,-7.122865,2
5.2090697,-1.4899755,-5.4476404,-8.8752365,0
-3.4578052,-1.2327058,6.5102105,-11.20147,2
-0.7640365,-2.074131,11.928595,-35.73202,2
-2.1934066,4.670153,-12.805285,-6.334118,1
-6.1202974,-2.4324815,-13.416974,3.983566,3
-0.20020592,-6.6035633,11.112781,-10.848587,2
7.7021594,-4.6657715,-6.0438247,-15.115584,0
10.660906,2.0505335,-22.626373,-28.508505,0
8.481344,1.8348767,-9.761197,-22.130823,0
-5.17144,3.4880977,-7.093695,-0.47343487,1
-79.39346,16.2418,41.62726,-91.71317,2
3.8071074,-2.026942,-1.8904476,-4.730056,0
-7.2577567,0.16153142,-6.749227,3.3188868,3
-18.109322,-15.619828,5.7586627,-9.354762,2
-2.8539116,1.0229683,-0.22092745,-6.589559,1
-7.2536526,4.5833063,-10.922011,-7.994814,1
-5.3335686,-5.0424266,3.6314669,-1.6333395,2
-45.165997,-38.202003,-2.007503,25.195839,3
-3.7913203,4.4831963,-7.033739,-2.9390554,1
4.039316,-2.3929286,-7.271211,-1.6889408,0
-2.1702251,4.1598597,-3.0015793,-9.477002,1
8.234748,-1.611712,-0.32959205,-17.151318,0
-1.8737012,0.66630924,11.335018,-21.570736,2
-4.6719937,-4.8037868,-0.48249313,-3.3343766,2
-9.827125,-2.5817192,11.686267,-13.156334,2
-6.2637973,-1.7840633,12.746798,-21.93015,2
-8.911882,-5.1163116,3.2442484,-3.5629668,2
0.9098283,-6.5664988,-6.3190894,-4.899303,0
-2.3722565,3.777849,-0.751176,-14.236049,1
-6.9192696,3.1185691,-4.553794,-2.5584323,1
-3.647528,4.0885916,-1.1774212,-10.094126,1
1.7836432,-3.4272506,-8.896246,-1.8759552,0
-6.384163,-0.325842,-14.995633,4.1810994,3
-12.082028,-18.939854,-14.531094,16.958715,3
-4.401293,6.2194486,-4.2205462,-18.912018,1
-1.8415599,2.3555784,-6.595274,-4.655566,1
2.786508,3.8693757,-17.177845,-19.945803,0
2.4501607,-5.9055834,-7.7586417,-3.5574906,0
-19.19243,-30.25171,-16.47899,13.41465,3
-2.2233748,4.7110953,-9.0498,-7.2014112,1
-12.768484,6.3526692,-16.261892,0.13523471,1
-18.448631,13.837697,-16.91374,-0.98610467,1
-10.60842,-3.1923254,6.3140163,-8.2044735,2
-7.5699573,-2.5006073,-11.977435,5.39353,3
-3.2047577,-3.9059806,4.8751035,-12.699494,2
-1.8549118,2.7687259,-8.734636,-5.816087,1
-7.6080723,-4.9463325,7.1030874,-1.6178348,2
-18.381954,9.878099,-17.742054,5.8973103,1
17.915041,-22.785334,32.890076,-137.36417,2
-9.597545,4.0685816,-10.697001,-2.0941148,1
-45.273853,-12.890807,-32.942223,19.371319,3
1.9947705,-7.566695,-6.975015,-5.3508763,0
-3.4579172,3.9928617,-7.172513,-1.4235599,1
-17.538885,-6.9126053,12.517632,-18.071692,2
-5.7838273,-2.349562,8.51543,-10.7698345,2
-22.195274,40.88583,-44.242138,-58.561687,1
29.451574,-0.46205473,-18.358711,-54.527115,0
-6.2693477,2.339616,-8.90618,-5.2646255,1
-20.141766,0.2415102,16.269608,-14.703824,2
1.5678068,-3.2671046,-3.7629237,-4.022219,0
30.110916,-2.7461238,-49.365097,-47.126392,0
-3.1900055,0.41474777,9.163279,-15.828426,2
1.0529852,-3.3082237,-1.3782759,-8.059104,0
-8.115219,1.2583935,12.728897,-23.100212,2
4.505737,-3.340595,-7.320292,-8.298109,0
3.7480085,-3.852377,-0.42071885,-7.1298275,0
-25.764042,-1.0317844,11.402215,-22.584,2
-11.5025215,8.371855,-12.144793,-1.1772109,1
1.8055546,-3.450496,2.1790643,-6.399531,2
-9.962624,4.774317,0.5553755,-5.753457,1
7.7478805,-9.456074,-4.803533,-7.82161,0
-12.710667,-1.8277094,-5.1044526,7.241033,3
-13.73271,-33.274334,-6.035934,13.517386,3
-17.676374,-12.971243,22.337875,-28.555342,2
-2.2564285,-2.7363522,-1.6142391,-2.708717,1
-2.43939,3.841219,-0.19774687,-10.572073,1
5.354186,-2.566813,2.1746466,-17.582075,0
13.01173,-7.635681,2.9467256,-71.90654,0
-12.460916,8.722291,-21.300308,-0.103235185,1
-36.81642,-14.217797,-30.547482,23.365162,3
-15.327541,9.354928,-18.258818,3.7466688,1
-23.242632,-13.427401,-13.423543,10.159282,3
-10.05129,-4.366085,-6.933681,8.263613,3
-0.4380925,3.3450272,-7.449524,-3.8582807,1
5.88381,-4.0121818,-3.3191788,-8.162946,0
-5.015276,3.262074,-3.1614387,-6.6811366,1
3.673791,-7.896461,-4.665543,-2.3320665,0
-10.036966,1.7732657,-5.83925,4.7996225,3
-4.887421,-2.2799442,4.2621217,-5.683145,2
-11.249335,-2.8175552,6.873531,-22.195686,2
-10.118962,-2.605071,8.892605,-7.3179593,2
0.2705446,-5.2331557,-1.692754,-6.037328,0
3.3698456,-10.381982,-5.8362365,-1.2741218,0
0.232483,-9.366821,-6.6593738,-2.3349042,0
-4.205938,12.421665,-4.7941604,-20.941626,1
-0.48588336,-10.886812,-4.7702694,-2.4238064,0
2.6264362,-1.61921,-5.8084316,-13.182491,0
15.870157,-8.483532,-17.077698,-16.702768,0
-2.8008425,-5.452823,9.671497,-13.2098055,2
-19.532526,-38.755714,-30.319706,34.43552,3
36.975815,7.4901376,-27.239927,-57.982098,0
-25.844238,-4.6080456,3.647221,-14.485046,2
2.6304426,-3.4514415,-4.4783206,-3.5277376,0
-9.310941,-4.578722,7.817162,-8.069216,2
1.6359283,-7.0167723,7.757536,-12.514727,2
-30.53153,-2.2108743,26.466112,-58.044697,2
5.885601,-4.510883,-3.613305,-7.5819235,0
0.7641819,-4.318283,-3.017424,-5.9776444,0
-3.4978287,-8.448606,8.446872,-3.798649,2
-6.4490175,7.3628836,-6.3095164,-9.786134,1
-4.138548,-3.4200137,-4.6034503,1.1094245,3
24.26489,-7.71987,-9.464469,-40.96825,0
-6.4353766,-2.7815113,-4.82131,-0.24195115,3
-3.4155126,4.101427,-7.771109,-3.2040312,1
8.439757,-8.135096,-4.168981,-10.035257,0
5.4676175,-9.961431,-3.831831,-9.053467,0
26.34381,-27.875902,-18.532383,-21.04729,0
15.184667,-1.0761174,-14.543923,-38.279938,0
1.0801531,-2.98234,-4.63492,-6.474796,0
-4.9310184,-7.908935,6.2637563,-4.8041224,2
-7.139776,-6.6050835,-13.868206,2.6331923,3
2.6314294,-9.052039,-2.2646635,-4.3017793,0
-21.00288,14.861568,-16.77884,5.029959,1
1.0313087,-1.4202986,-1.4974608,-11.836152,0
-4.760343,-7.196901,-14.156407,2.765775,3
-6.5306845,-4.3477736,-3.7739952,5.8311768,3
-12.855416,-1.6136173,2.61271,-7.416704,2
-16.697718,2.1454463,11.897641,-6.2137322,2
-6.1140685,0.913769,4.9803596,-19.004982,2
-5.7234874,-1.6502877,-6.2202315,3.8876176,3
-8.64935,1.0550019,-1.0214629,-7.0849667,1
-5.3058667,-5.78239,0.02898261,-0.7079421,2
-4.5980883,-6.1599936,0.6536227,-6.1885667,2
-4.6498246,-4.3070674,-3.2073803,3.022503,3
3.7723217,-6.1736984,-8.45137,-3.3201444,0
-63.077625,-10.940117,-31.971287,10.125502,3
-9.98552,-2.37254,-1.8304971,4.1027584,3
-64.431,20.720493,-51.66829,-18.75847,1
0.2638693,-1.7955139,-1.3011329,-5.1772547,2
-13.014513,7.851624,-9.417962,0.5074985,1
-50.29972,122.385216,-119.03737,-145.64426,1
-8.27763,2.4607368,-21.904026,-7.7794857,1
6.2237263,-13.310648,38.98664,-174.42438,2
-5.7024145,-1.3030722,-4.392728,2.0405478,3
-0.2767329,-38.498966,-21.187672,22.149122,3
3.5527444,-4.9917045,-8.532623,-3.1778045,0
-0.323542,0.10520959,-12.357747,-4.831008,0
-4.0934725,-3.8673606,-10.6987915,2.5782652,3
-52.92408,167.3778,-222.15749,-122.307396,1
-8.510119,0.13135856,-14.573005,7.48307,3
-12.897538,32.244503,-44.46142,-47.46731,1
-2.8787262,-6.0241785,4.954826,-10.139003,2
-1.3506532,-2.407024,-10.177767,-3.7425947,0
-6.2231336,-0.63588905,7.949977,-7.8153625,2
-1.9637127,-1.0332494,4.6780596,-9.318046,2
-0.1192123,3.589221,-1.8377683,-14.351821,1
2.1763256,-3.5239692,-7.3781204,-6.8227687,0
-5.5185423,-3.4355307,10.968577,-15.608584,2
-3.879159,-8.323578,13.038466,-10.710291,2
-10.697477,-3.522958,-6.9211164,6.8762693,3
-108.02805,41.24465,-61.00898,-41.612755,1
-9.250611,1.367228,-8.976982,3.1298237,3
-9.524402,-3.6228595,10.403643,-8.003315,2
9.253679,-7.5665417,19.943005,-83.46617,2
0.19493692,-4.011694,3.8563342,-6.606615,2
-3.107819,4.6242294,-5.6771274,-13.115795,1
-1.3672838,-5.185201,-10.416378,-2.6661315,0
-22.685774,-20.67847,-12.775355,11.167533,3
-5.0233936,3.364955,-5.8744173,-2.095729,1
-4.9386206,4.236303,-3.6197019,-3.8933675,1
-2.3936646,11.105378,-7.7065763,-15.160494,1
22.186909,-6.374234,-15.015414,-17.67856,0
-8.273042,0.7742984,-5.8423276,3.9109159,3
-5.1551447,-4.975475,-1.9311063,2.511715,3
5.0521235,-1.458842,-5.041235,-5.9253507,0
-115.09983,102.89921,-87.84457,-113.01197,1
-2.5631354,-3.4843585,1.0562067,-3.700053,2
-21.005817,15.516676,-17.85343,-0.3361689,1
-5.81938,-4.6457787,-12.352304,1.232014,3
-0.5641293,-4.5125136,1.2796803,-2.5517626,2
-11.015015,-47.95707,-22.7879,15.910816,3
-16.068342,-11.776952,14.7076845,-15.659431,2
-10.112721,4.6602764,-13.717456,-1.8911734,1
-9.371387,3.4236143,-11.584533,-2.6237495,1
-9.214045,1.0161672,-6.9621263,4.062177,3
4.1304436,-1.1185361,-9.038091,-2.717623,0
8.444866,-2.8471699,-2.4706268,-15.014355,0
-72.86325,149.95052,-160.36824,-128.67586,1
2.1615868,-4.5467587,-4.241072,-5.629795,0
-21.562164,-15.417618,-11.172377,12.322216,3
-7.5796494,-5.034346,-19.581953,7.204195,3
-15.073708,9.562609,-16.960062,3.6153972,1
-10.051409,-2.401743,-6.5145345,5.371075,3
4.806112,-3.0139058,-1.1091328,-11.080958,0
-3.0186863,-3.7111044,1.565717,-5.603039,2
-75.800934,-0.221309,-53.32801,22.994352,3
-14.233353,2.481527,11.399519,-7.8846626,2
-6.7929177,3.6300664,-6.7230177,-0.89745736,1
-4.773521,-6.9167585,-13.986363,2.6155884,3
-183.02966,102.03625,-46.55304,-48.24935,1
4.2638006,-8.695503,-1.8871439,-6.0474634,0
-39.832603,-14.900192,-31.25063,23.943573,3
-4.4070544,-0.16488954,-5.3720884,-7.0459595,1
-6.676547,-4.77588,10.27372,-9.440998,2
-5.033957,-2.0572267,-9.721384,2.941296,3
-8.1246395,-4.9689713,12.448685,-12.782863,2
0.8620731,-4.661508,-5.4455595,-0.30239668,0
-5.801993,-2.5375257,9.435629,-10.6764345,2
-27.699944,15.434501,36.300304,-158.2135,2
-7.3177185,-3.966347,10.217643,-29.510727,2
-28.357256,31.717173,-20.516542,-73.48107,1
-1.8757037,-0.23181295,6.531517,-18.150887,2
-3.0328712,-3.348818,7.4213943,-9.743394,2
-9.199357,4.867386,-14.062015,-1.4600008,1
-6.436651,-3.6286893,4.9931765,-13.738765,2
2.660751,-3.7646816,6.2000456,-30.529774,2
2.0748265,-3.8175745,-4.8887525,-4.335135,0
5.4792356,0.031766444,-4.8956738,-10.562198,0
0.53846204,-4.2962875,6.3854437,-21.159239,2
-96.91097,205.41283,-262.10535,-139.37726,1
-7.9486876,0.902994,-5.1555758,-3.085349,1
-25.178007,-21.527184,-13.622125,2.576942,3
6.7220173,-2.9792259,14.798501,-53.390324,2
7.9483805,-11.63084,-2.9104838,-8.132403,0
-11.388971,-9.580748,-73.02977,29.713337,3
-4.349537,1.5113217,12.453065,-21.741623,2
-8.768236,4.425972,-3.162664,-0.6015248,1
-12.839099,-0.9236016,1.0959598,-3.44632,2
-11.856635,-11.878249,-9.485366,10.428125,3
-3.187808,-4.8077955,-10.939129,-0.5885384,0
13.920679,-8.438687,-4.096858,-19.461437,0
-5.273708,5.4156547,-6.4436054,-3.270832,1
-3.3563888,-2.5911798,2.311737,-8.087966,2
3.0121667,-28.01986,-14.960679,13.415232,3
-5.160165,-32.46631,-19.227135,20.88773,3
-3.1308713,5.3531,-1.2074556,-11.327325,1
2.5962565,-4.166646,-2.1062937,-6.726854,0
-6.119426,-3.9698095,-9.086472,3.9680073,3
-8.964892,0.12154639,-14.567009,7.913776,3
-47.85849,-12.281497,-37.405396,26.747282,3
4.2511597,-6.069119,-5.196943,-7.0890465,0
-3.073267,-1.4108083,-2.3130276,-2.8047984,1
-3.6176398,4.8900785,-7.8645563,-5.6378517,1
-2.6964138,-3.6720638,5.018842,-4.2684937,2
-10.229674,4.3668575,-9.490225,-0.74547225,1
-8.205967,23.818586,-23.569405,-154.97737,1
-5.3728304,-3.3056898,-6.9517097,5.016411,3
-2.1418579,1.7980858,0.046377987,-10.120552,1
-10.944257,-1.0788565,-3.2602813,4.946974,3
-74.00977,17.88902,-54.85979,15.448572,3
-8.624845,0.6364255,3.3128674,-8.892394,2
-7.908218,0.20196265,6.6909814,-20.47503,2
-6.414529,1.133753,-20.105574,7.0910554,3
-8.603356,2.797233,8.110425,-13.228575,2
-8.762887,-3.0132647,-4.2743936,8.698422,3
-97.433495,-68.50778,5.143345,89.72307,3
13.82145,0.4153641,-10.863113,-20.510702,0
-1.4645728,-6.3003283,5.6674566,-6.159578,2
-8.942507,-3.0230951,13.60659,-11.688287,2
-6.918051,-2.1461642,-7.350523,3.8049326,3
-4.7074203,-1.1062852,-3.8159628,4.5532756,3
-6.0251713,7.783502,-5.187571,-11.663659,1
-8.362348,-0.79018515,-14.165784,7.0083804,3
-18.887575,-34.071938,-21.163595,20.39172,3
-10.778173,7.5829797,-14.846854,1.21524,1
-2.2615871,-0.25555566,7.053219,-12.606397,2
-6.1808977,-2.466087,7.7903323,-10.317083,2
-0.7246887,-3.2335975,-4.471426,-6.3963814,0
-9.490688,-2.4524598,-4.936273,5.5319104,3
-97.254555,69.87076,-69.49581,-115.07409,1
-6.004936,-6.6899357,5.3644753,-1.5899794,2
-9.009807,-4.361137,-19.816011,5.6833034,3
-3.4089813,-9.319607,10.557927,-8.2652235,2
-4.8286166,-2.3349347,4.9899797,-4.708386,2
-2.4225087,3.488546,-7.3034506,-4.230417,1
-4.872866,0.63314676,-16.40637,-11.529323,1
-5.8557215,-7.470821,-18.43593,7.618072,3
-10.02027,-3.480125,-4.7085104,7.5202656,3
-0.84981704,-5.960558,6.781986,-8.547895,2
-9.239714,4.357293,1.5287466,-6.629045,1
-32.112843,10.943445,-39.228245,-5.2368584,1
-2.8150468,2.0702434,-3.6933622,-3.6559927,1
-4.281973,-5.823494,-2.0543268,2.53989,3
-9.178753,4.543852,1.7662114,-7.661152,1
35.498684,-33.728146,-24.089869,-14.814841,0
15.231393,6.5902333,-19.713182,-37.60254,0
14.50543,-7.042605,-5.5153666,-17.325872,0
1.6583121,-2.7832022,-10.254308,-9.5033245,0
-10.250192,-0.86887836,-23.383026,10.682039,3
-4.9883995,7.449255,-19.90594,-3.7262304,1
11.602251,-9.105925,-13.337217,-10.8982935,0
4.2889752,-3.9604404,-5.8576903,-13.506909,0
-59.404293,-57.6189,4.440937,33.389595,3
4.907776,-3.8576083,-4.056404,-6.2703366,0
7.8896446,-9.481138,-4.350654,-44.33397,0
35.445164,18.572092,-42.30623,-89.06863,0
-87.20482,8.729682,-76.75844,24.736483,3
-2.7656333,-0.8184191,3.7863414,-8.173136,2
3.6321592,-5.5433517,-4.4729996,-1.6055366,0
-0.19252157,-8.5775,11.385038,-11.50474,2
-3.2750692,3.3595982,-4.8939886,-9.265866,1
-91.23227,71.08355,-24.031029,-96.75437,1
2.396653,-5.4007807,-1.5357177,-8.161039,0
-6.8620014,-7.531115,11.611921,-5.8404527,2
1.2900032,-6.103562,-2.0019038,-3.2577353,0
-10.999441,7.9772754,-24.32512,-9.033839,1
-6.7626147,-0.30232334,-14.122016,6.641927,3
-7.684255,12.016817,-5.8116546,-32.231697,1
-49.5506,6.6815057,-30.966602,9.720564,3
1.7237738,-2.0411093,-8.857626,-4.0205183,0
-4.245469,-7.0152836,9.344314,-10.581122,2
3.4056115,-1.7602361,-11.235786,-14.759666,0
-7.8150434,-3.184173,11.530029,-24.244675,2
-5.143664,-3.4079165,-11.810986,4.1686893,3
-9.566841,-3.790053,5.715337,-3.6142979,2
-13.338537,-6.5832186,7.5405354,-5.6349845,2
-0.36682045,-4.4685106,6.9080853,-8.191059,2
-9.057458,5.2875924,-11.63205,-3.6876175,1
0.6982248,-4.3014846,-1.882979,-5.100934,1
-4.3355246,0.79566205,13.455498,-21.310513,2
-2.5411344,-3.8831844,8.906712,-10.250276,2
-4.359349,-6.164145,4.015167,1.4235525,2
-2.2191384,3.926635,-7.9743557,-2.3159876,1
2.2315764,-1.7191954,-6.3245697,-3.7743828,0
-9.526639,-4.897407,-15.576148,4.786076,3
-7.2548504,-9.989905,-17.198551,10.431959,3
3.4084384,-8.31849,-5.334503,-2.1272454,0
1.1869068,-2.6952999,-3.0822053,-6.43792,0
-11.158147,5.8491044,-0.37668496,-6.2015533,1
-5.812032,10.557343,-4.7077293,-24.124775,1
-13.198376,-3.1846275,-2.1752148,7.5044627,3
-4.830029,-1.1664126,-7.1364617,3.1156056,3
-5.7044706,-4.5505195,6.7423162,-13.249973,2
-8.812209,-2.386955,12.0237665,-24.780499,2
-7.047607,-6.118169,7.477293,-2.3616962,2
-12.720186,7.2902517,-14.495216,-2.1971803,1
-1.270062,-3.5710707,4.8659315,-5.0963497,2
-5.82277,-5.7284284,-2.8999188,3.5415654,3
4.9750896,-3.874626,-3.3819816,-11.514172,0
-1.4396896,10.4137335,-8.38592,-15.688528,1
-8.386761,-1.1506672,7.657507,-16.181313,2
31.66389,-21.167837,-37.502453,-28.438223,0
-20.628225,70.7916,-68.976006,-107.00537,1
-1.4197415,-6.1144543,-4.235614,4.587022,3
1.7379217,-1.4726424,-4.634697,-2.6911933,0
-9.439734,-2.966096,-19.335154,5.9868045,3
-4.8293185,-2.30718,-6.908114,3.81884,3
-4.7503967,-2.6642952,-12.197413,2.7282312,3
2.6900527,-4.4755793,-4.5145683,-3.9379244,0
6.4383235,-9.071494,-1.6873169,-45.12141,0
-13.287365,-24.11046,-14.080207,17.149782,3
-44.710777,0.8390288,-20.952002,9.121814,3
0.07989195,-22.856735,-11.995305,13.443084,3
-8.991822,-2.118026,7.4423904,-5.2327724,2
-15.038042,10.940034,-15.800087,2.7836652,1
-5.061117,5.7726283,-5.45488,-8.376648,1
5.373397,-3.7393184,-5.828677,-5.9094276,0
0.77428967,-2.0310683,-5.281607,-6.0748963,0
3.8035488,-7.456542,-1.9168684,-6.922844,0
-1.1141057,-5.326645,-12.64739,-3.6239388,0
-10.701154,1.1257426,-6.916664,4.368776,3
-2.6004078,3.8562014,-7.567862,-6.068496,1
-10.055219,-4.6034822,27.583384,-32.26841,2
1.9966506,6.180387,-9.529372,-12.954213,1
-7.5118527,1.0381187,-8.324098,1.248394,3
3.111423,-3.4846718,-4.3325324,-11.0391865,0
6.420585,-0.21983516,-1.5390244,-17.95259,0
-0.1193039,-3.6636827,6.238163,-19.365963,2
-6.028042,2.4638898,-2.272983,-3.563734,1
-13.650949,13.408741,-1.8659999,-22.08472,1
-1.3445544,-0.5277827,-4.130976,-6.794993,0
2.5539074,-3.8602295,-10.058283,-2.8380077,0
2.7417345,-3.1426399,-9.495626,-2.733976,0
-8.86163,-15.069263,3.3020325,1.0598295,2
-12.856758,11.445069,-26.288805,3.074381,1
-7.1361647,-11.533255,-19.347477,11.351271,3
-9.25273,3.0674098,4.4075756,-11.706589,2
-10.6588,-35.641354,-39.859158,28.142685,3
-22.255642,-63.437614,-31.414509,26.322174,3
-6.785092,-6.0484037,-14.783143,2.8393903,3
-9.092843,-2.370794,21.991932,-33.103424,2
-1.5541795,-6.1375875,11.129998,-17.379738,2
-7.2237644,-4.126516,-13.721594,11.873822,3
-6.5274205,-4.9252863,7.1791353,-3.1415892,2
2.1742632,-5.9255695,-0.9404985,-5.39132,0
-6.567449,-3.9999228,-4.385025,3.5315518,3
-4.4300537,2.5477033,-7.094934,-1.5750762,1
-32.849262,-1.2908064,-3.6593235,-15.767123,2
-7.765149,-7.2822876,-66.102234,21.50533,3
-2.0830371,-1.1527746,-5.101794,-7.0905037,1
4.5932946,-2.5613132,-9.592708,-2.5721135,0
4.66643,-1.9674608,-2.3850243,-7.504302,0
3.6594179,-2.1976418,-4.8465886,-2.2650092,0
-3.0685008,-1.3904386,0.5812586,-4.797736,2
-16.136488,0.6403967,15.71556,-52.863583,2
18.694489,-39.91134,-16.06813,3.0803912,0
6.2223015,2.0546236,-17.098335,-22.73447,0
-2.8321424,-7.791115,4.9287353,-5.869306,2
-79.247696,0.73160785,-19.313133,14.823552,3
-10.892098,-2.9023933,5.5129466,-13.563646,2
3.9469016,-8.7702675,-5.076016,-9.584515,0
28.934755,-0.7463491,-21.152237,-64.99938,0
-8.209201,-6.265799,11.002738,-35.742905,2
-11.473752,6.3315477,0.23172408,-7.140425,1
-7.727573,-2.2475584,-2.373678,4.408656,3
-6.443598,9.1882715,1.5943732,-22.027647,1
-4.999777,-2.2855952,7.4588795,-10.378378,2
-9.742114,-3.643714,-7.33462,7.8759475,3
-6.298782,2.3777165,-0.24859506,-11.260392,1
-0.6118649,-7.7558236,14.372538,-22.192728,2
-7.7930775,-12.0270195,-7.2037773,8.699404,3
-3.066274,1.1091646,1.8794848,-7.8263297,1
-11.692251,11.617772,-23.161598,-15.178861,1
3.966858,-5.4362545,-3.09278,-6.6072426,0
-53.881138,84.845795,-51.437447,-191.00798,1
-4.604016,2.4152431,-3.1431212,-2.83233,1
-5.8446555,5.663344,-4.567738,-10.261273,1
4.449703,-6.2296085,-5.936949,-7.5154347,0
-2.0894551,-1.5742402,4.540884,-6.9376006,2
-7.0669727,-3.41935,-4.35303,4.9838805,3
-12.839344,-5.7285457,2.1550486,6.356713,3
-5.4623194,2.7483966,-9.453093,-0.68595386,1
-6.4643035,-2.1799319,-11.766119,5.8054566,3
-1.2985549,-5.2380075,3.9187727,-7.5280676,2
3.393404,-2.4051404,-6.1363516,-1.6966739,0
-2.6409984,-3.9529417,8.819761,-10.673904,2
-4.1784825,3.437339,-4.38446,-5.190813,1
6.9580398,-8.93605,-4.8674474,-7.437613,0
-4.459459,-6.838883,8.722101,-6.320689,2
1.834908,-5.6980715,1.38059,-5.6985474,0
-3.3423707,-3.258875,-13.590228,4.5596585,3
3.251208,-4.620918,-4.3336315,-4.544455,0
-0.35916585,-9.237409,11.915406,-12.167,2
-0.7503433,-16.900267,-14.571508,6.837562,3
-26.422924,16.871782,-25.11729,-27.842028,1
-8.857322,-8.863555,14.076207,-6.738297,2
-139.64105,162.09447,-82.84331,-173.71977,1
-2.3696618,-2.0737607,-5.1361094,4.6481543,3
-14.585502,2.5411549,17.890255,-21.887836,2
1.1833591,-4.9033556,-11.809347,-2.4927428,0
-6.919216,9.548808,-3.691711,-17.746304,1
-23.349604,-12.296669,8.929463,-0.47190905,2
-26.012802,24.409372,-22.375525,-26.782198,1
-6.9895587,3.308144,-2.7821133,-3.0845647,1
4.4584985,-10.044561,0.96597946,-6.43395,0
-17.865187,-7.5790935,16.169138,-12.876484,2
-10.227038,-5.331089,8.374637,-15.05038,2
9.040179,-2.1506581,-3.0774794,-14.694252,0
2.7773993,-5.071733,-2.8472204,-6.738706,0
-12.885151,-1.958101,-9.119167,8.29275,3
-9.262726,6.5788436,-6.8513756,-1.7285516,1
-7.7743354,-10.834211,-85.568344,27.918339,3
-4.455498,-4.7038774,-1.3673012,-0.9127479,3
-26.789637,-11.262356,17.147453,-25.649675,2
-4.568353,1.7456226,0.17631903,-6.2858334,1
-6.6323824,-3.068492,13.994767,-34.394764,2
-2.4287791,2.4761317,-6.6778173,-3.5524046,1
-9.037638,-8.136045,-8.389461,5.920092,3
-11.179963,7.2106953,-14.488956,-0.70569915,1
-5.153349,-11.069565,11.47842,-6.3264275,2
-8.286298,-4.9745793,2.5839837,-1.6028606,2
7.0575943,0.5361547,-5.475024,-10.963008,0
21.818457,12.083058,-17.312088,-54.469948,1
-8.275187,8.759487,1.0606623,-20.378464,1
5.962221,-0.7096185,0.31781387,-17.64847,0
-6.2331023,-2.6724544,-14.069706,6.533565,3
-9.474927,-9.4220705,-61.765984,21.900377,3
-2.5714633,1.5803713,-4.650809,-3.6161442,1
14.797253,1.8541234,-12.582962,-22.087044,0
-4.8839784,-5.499601,5.11006,-2.6137,2
5.0161977,-4.508268,0.37468815,-7.343367,0
-2.8063893,-5.3989096,-10.627991,2.8045352,3
4.4531593,-7.1207967,0.25352865,-6.8083715,0
13.153689,1.1759801,-16.444101,-26.075544,0
1.604528,-1.242112,-6.814154,-0.3783368,0
1.5177462,-7.70548,-0.08967043,-5.0983615,0
2.9081218,-1.0912644,-2.388469,-10.792325,0
-12.221735,-1.5401613,11.664386,-24.990572,2
-6.550352,-3.5065794,8.696001,-10.046195,2
-2.8990464,-11.9230995,-17.445715,11.246523,3
4.0906487,-5.149075,-3.9790983,-13.325097,0
3.2970877,-4.721588,-1.1736653,-5.2932377,0
3.769733,-2.7044427,-9.266649,-4.2618527,0
-0.09268415,-7.23722,28.114487,-93.53186,2
6.4835587,-2.2257318,-1.2725612,-10.440665,0
-12.019446,5.619362,0.9696357,-4.0736136,1
-18.45568,-7.001824,15.978509,-16.416258,2
-0.38115245,-4.415078,-8.020797,-4.304321,0
-2.7291644,-3.355417,-1.345714,-5.8292584,1
-15.634447,6.9898314,-11.50695,3.9293313,1
-9.36285,8.769829,-12.249902,-3.7312334,1
-7.8604064,-4.584751,9.294665,-5.345128,2
-11.457416,-1.7705995,-1.8151197,4.0047083,3
-8.444833,-4.044983,11.621637,-13.330189,2
-36.134403,-8.447172,15.808592,-14.121022,2
-5.580811,-5.372952,-3.7885525,3.7994153,3
10.228975,-17.5362,-37.802162,-3.7433276,0
-8.931195,-2.7460918,-8.181563,5.135884,3
15.244629,-30.367664,-32.671318,-25.527908,0
-9.811091,-4.3066897,11.203318,-3.3693001,2
-4.084943,1.438817,-0.26714736,-8.66937,1
-235.82593,113.03015,8.0700445,-109.14985,1
-4.477005,1.5101241,-1.8023322,-5.397401,1
-13.621398,-19.522713,17.383165,-5.84049,2
-310.52414,149.3402,10.574854,-152.9542,1
-6.6544127,-4.6181064,-15.395955,11.401803,3
-3.9822714,-3.069285,-5.304826,2.6704495,3
-26.607239,-10.711064,33.884808,-28.855682,2
-44.546593,-16.615078,-2.1039596,18.898777,3
5.6763444,-2.3693192,-1.7636603,-19.236603,1
-10.635838,-26.193703,-12.741826,13.181411,3
-18.863806,13.856275,-16.611334,4.1813893,1
6.0443764,-7.012951,-4.9596477,-7.9539495,0
-108.54178,120.722946,-24.422089,-367.6405,1
-9.314867,-4.426316,1.8771666,-6.027095,2
-4.843035,-2.0632646,9.057577,-13.478544,2
1.2170103,-7.4588895,-3.1366017,-2.4866827,0
-3.3893445,-2.2304564,-3.2155042,1.8702567,3
-9.670641,3.9220297,-3.5839326,0.08812815,1
-45.062527,0.21348199,-23.925728,13.926974,3
-8.00777,11.1773405,-3.72903,-20.895596,1
7.613648,-16.290543,32.19829,-126.18027,2
-9.158539,-0.33369786,-9.1495905,3.6689203,3
1.1646742,-5.3149385,-7.2122316,-0.44163814,0
10.222213,-3.1060073,-42.105972,-17.150023,0
-0.37473282,-7.519485,27.455582,-56.834637,2
-3.3068352,8.171861,-0.06048268,-27.071106,1
-14.427253,1.1385859,13.674916,-39.197327,2
-5.7070374,-5.144943,-1.8399246,5.5352783,3
-182.26135,271.65833,-193.61717,-242.99283,1
-10.236504,-3.575982,7.0625143,-12.678706,2
2.0280943,-4.5501785,-3.2636168,-10.8657055,0
-2.5209272,-1.2426057,3.1894958,-7.443848,2
-13.0357275,7.89747,-13.7058935,-0.06630452,1
4.4575334,-2.0251567,-3.3434684,-10.329466,0
-2.6202123,-2.1613355,-5.660974,-0.5786066,3
1.6772213,-3.3708372,-2.819154,-5.9872203,0
2.5696135,-4.240835,-9.05184,-4.8999796,0
-7.1071324,-1.18171,10.29402,-10.810264,2
-44.2493,32.05865,-36.08382,-28.057137,1
-2.6521401,6.5798626,-7.3768954,-8.018376,1
-1.6398635,-1.268669,-2.0820909,-4.0875673,1
-28.606524,-3.0866685,24.075422,-51.070473,2
2.2640982,-4.5377345,-7.1572013,-2.0248654,0
-3.2596488,-4.286279,-9.67538,0.30398324,3
-2.4458628,-7.0825577,11.021549,-14.804018,2
-16.947445,13.239772,-16.27403,-2.3593228,1
-1.5194601,-6.416984,10.8373785,-17.234312,2
-4.967996,-3.6738877,-10.881346,4.8486514,3
-16.176289,-12.370186,17.85242,-16.379858,2
-4.6516643,2.9973366,13.845798,-27.49003,2
-0.48679957,-1.9300656,-4.800052,2.3662958,3
-4.0320797,-4.8699684,-2.7216027,4.787603,3
-2.0743032,-3.0109081,-7.7288423,-2.9700773,0
-16.75706,14.356465,-30.17722,6.0299745,1
-68.48859,-46.020107,-14.416007,36.135704,3
-15.789933,-6.8521795,7.7240353,-16.828224,2
-16.156649,-11.825344,-7.5847387,12.436171,3
2.4086049,-6.116609,-8.221299,-2.3188655,0
5.2161865,-6.9519544,-2.9731052,-7.482976,0
11.3030615,-10.288298,-1.5599388,-16.481659,0
-6.637959,-4.978386,7.1245813,0.3137234,2
16.746254,-0.19624597,-13.332376,-30.758749,0
-8.796768,-3.8257036,3.8400273,-11.845326,2
-11.590108,-3.242511,9.218261,-14.375594,2
3.228307,-1.0399506,-1.0743043,-14.28047,0
-6.293603,-3.9292846,-4.727067,5.234952,3
-1.5197213,4.469707,-4.8329463,-12.943715,1
-7.1315584,-0.79753095,5.777392,-16.122427,2
5.2170577,-3.485536,2.2579541,-11.615838,0
-3.5386055,-6.299642,6.144012,-5.122569,2
-2.8169181,0.17879601,-1.5455204,-5.3765306,1
-8.252189,-1.207648,-1.2988235,0.061729446,3
-12.239955,6.7703357,-11.08065,1.7828085,1
-12.518822,0.23537856,-6.1854253,6.8088694,3
-10.135575,4.078199,15.760832,-24.614485,2
-0.87160635,5.567957,-4.8350415,-11.845872,1
-12.755442,8.676094,-14.637785,-1.0655663,1
1.9494709,-1.302954,-5.1322594,-5.233611,0
