lda1,lda2,label
-1.54219788,0.544445461,0
-1.615161072,-0.665763955,1
-2.063591549,-0.179254747,1
-1.375486087,-2.017836062,3
2.410840771,0.174597453,2
3.307422651,-1.302679667,2
-1.094512892,-2.98114621,3
4.662118035,-1.230301659,2
3.057879565,0.370455721,2
0.015701955,0.769220144,1
-1.414288358,2.574728664,0
-2.990886852,2.540166528,0
-2.45828665,1.999594862,0
3.686176264,0.104752979,2
-1.774627687,-3.418943663,3
-1.12869688,1.546305887,1
5.573900437,1.434674941,2
-1.249122111,0.194913184,1
-1.240536201,-0.271244336,1
0.080336184,2.825200644,0
-2.975545441,-1.760049487,1
-0.873530678,1.357865861,0
2.225736361,-1.386670033,2
-1.635771544,-2.289579092,3
-1.436872701,-4.007265381,3
2.194283059,-0.334142316,2
-1.880105889,-2.772316129,3
2.319762093,0.033444322,2
-0.634879166,1.334240799,1
-2.030983841,2.139806435,0
0.600534875,-0.101221438,0
-1.246194093,2.276248764,0
3.328956305,0.56332383,2
-0.88290347,-1.910551417,3
3.499698514,0.722096553,2
4.862756984,0.461966918,2
-1.992442734,1.330030323,1
4.375648217,-1.1454085,2
-1.112585115,2.307220886,0
3.218123412,0.447226249,2
-1.489225928,1.03208439,1
-2.046822869,-3.988551845,3
-0.277545178,1.049917203,0
-1.329431829,-4.196525489,3
3.248556698,0.332564484,2
-0.819847014,-3.040540333,3
-0.722429986,-2.32153817,3
-1.31007703,0.136347867,1
-0.540757235,-1.378975873,3
3.620690232,-1.510058439,2
-1.43245556,1.298988807,1
3.870921784,-0.278397849,2
3.52982093,-0.446830361,2
-1.994764621,2.81500985,1
5.057266648,0.510441524,2
-1.151691186,1.749526738,0
3.763523087,-0.893330928,2
5.016987587,-0.761081783,2
-1.381368345,-3.266049545,3
-1.118221036,2.644289268,0
-2.569136085,-3.318546622,3
1.674111148,-0.024926316,2
4.857441535,-0.710484156,2
4.579030055,0.333137337,2
5.274354961,0.529342256,2
-1.128342014,2.278192564,0
-0.475926743,2.066166505,0
2.791260418,-0.604807334,2
-1.416065537,1.959821038,1
-1.727464238,0.072323062,0
-3.765943956,1.677332287,1
-0.092313795,0.67659679,1
-0.986564196,1.994989988,0
-0.588933714,-2.96103032,3
-1.770925397,-0.976449722,3
-2.037753496,2.875966933,1
-0.806061674,0.263153926,1
-1.371837262,-0.324350941,0
4.391339306,0.56570487,2
-2.483120151,1.287449172,0
-3.5459045,-3.689864418,3
-1.778946069,3.697009476,1
3.07121833,-1.050877229,2
3.270239422,1.425165305,2
-1.571655858,0.005345504,0
-1.651297722,1.128841761,1
3.259628048,-0.355514136,2
-1.232516003,0.711474007,1
-1.482800221,0.860526535,0
-0.74142646,-0.17716072,1
-0.978162273,-0.46622158,1
-1.137934796,1.219399914,0
-2.494040407,0.993485562,0
2.408194918,0.576526748,2
-2.218825802,1.680911774,1
-0.393501793,1.057853173,0
3.941397579,-0.512747708,2
-1.323286425,1.10532616,0
3.913520193,-0.682998745,2
4.8940749,0.456424896,2
4.488010984,1.700595482,2
-2.200116185,1.26000541,0
-3.789734139,-3.288899569,3
3.916078564,-0.588034211,2
1.898420692,-0.033210837,2
3.468283327,0.942787955,2
-1.608441509,2.558846894,0
-1.622810523,1.591317463,0
-2.523658839,2.244603777,0
-1.133730318,2.166673453,0
5.00684554,0.185196477,2
-1.424099231,2.242947795,0
4.983949123,-0.11197619,2
-2.205832854,-3.749962666,3
1.750685711,-3.292807125,3
-1.505379933,1.350236448,1
-2.364416592,-3.795978579,3
-1.818035867,1.317456985,1
3.423663162,-1.404073941,2
-3.13134026,-3.453663501,3
4.172849516,-0.039856534,2
-3.364973286,-3.001564262,3
-1.653735663,0.80404862,1
-0.587898489,1.082232453,1
-3.097939124,-2.060466945,3
-1.454459597,-1.834370008,3
-2.285591829,1.410449305,0
-3.077411187,0.256661464,3
-1.887138332,1.563527734,1
-2.044581729,-3.388716713,3
-1.697387004,-4.55920024,3
-2.733497169,2.329115146,0
-2.105013883,4.31481227,0
3.533693296,-1.103767129,2
-1.48931955,-3.419331886,3
-1.998246408,1.517277147,1
-0.28885028,1.652247115,1
4.045438534,-0.629194406,2
-0.526357644,2.515492446,0
-1.336177951,1.629659667,1
-1.713769527,-3.683771482,3
4.682326738,-1.174816782,2
-2.025250546,-1.153942416,1
-1.695490882,0.085075882,1
5.378795154,-1.231791598,2
4.6218619,0.826867408,2
-0.210478511,0.772593277,0
-1.69071457,1.753855388,0
-2.172565096,-1.970291881,3
-1.440587592,0.801848211,1
-0.636534483,2.952524637,0
-1.598784303,0.83459475,1
2.317495996,2.021753243,2
4.110865749,-2.468155443,2
4.21248685,-1.683629522,2
3.457431944,1.874105761,2
-2.975470315,-5.464128249,3
5.077172257,0.864567873,2
-2.221387244,-2.63087899,3
-0.790053194,1.49566076,1
-1.601219387,-3.24004368,3
4.187481034,1.284617139,2
-2.266475612,-2.759186566,3
-0.273426743,0.784147473,0
-0.80954962,1.780728903,1
-1.558888332,-0.752303464,3
3.757274658,-0.101864462,2
5.306175669,0.017623944,2
-2.027425424,-4.337463295,3
4.517014894,0.851277628,2
-1.297211662,1.865533083,1
-1.566494831,1.290713518,0
6.424813803,-1.208225332,2
-2.234905086,1.393171794,1
-1.847833652,-4.169689638,3
-2.358081464,-3.496313692,3
-0.305164656,-2.038830971,3
3.385817474,-2.237694754,2
-1.638588747,1.374817816,1
-1.154623869,0.987289324,1
3.064425627,1.018018413,2
4.699381216,0.522375094,2
-2.263527009,-2.102538083,3
1.368163235,1.708476972,1
-1.476086914,0.686925634,1
1.731955646,0.512973243,2
-1.904359211,1.079158429,0
-1.17963505,1.337473269,1
-2.13479843,-1.973706441,3
-1.433409552,1.547650391,1
-2.17710759,-3.370895899,3
5.082771984,0.512565243,2
2.687199948,1.035161493,2
-1.227932352,2.019445159,1
-1.958087673,-1.742503188,3
-0.215462988,0.591993895,0
-1.172472821,1.047560237,0
-0.774655154,0.886847617,0
-0.889149601,-3.448352003,3
-0.20773013,0.748411063,1
-1.65007331,0.841997837,0
-0.994099738,-0.826142303,1
-2.854362004,2.150666358,0
-1.134014087,0.256388462,1
-0.291767938,-2.139394009,3
3.58552213,-0.162392579,2
-0.236570723,-3.409407413,3
-0.729579827,0.22021812,1
-0.570334766,1.433656453,0
1.523875918,0.085970238,2
-3.254625725,-2.964778978,3
-1.965489457,0.947880603,0
-1.062062204,2.156947533,0
4.941756916,-1.006700968,2
-1.602194972,0.274192694,0
3.820368764,0.069078708,2
-1.607607363,1.446617701,1
1.286782498,0.058215901,2
4.770062717,-0.56874916,2
2.374335478,0.833183112,2
3.872996218,0.390897485,2
-1.85315562,-2.130094485,3
-2.728279552,-3.139275407,3
-1.9700667,-2.853141497,3
-0.804384369,2.224440956,0
5.138343758,-0.104587015,2
5.390913719,-0.120948372,2
-1.296396345,-0.359784691,0
-1.48088078,2.393106465,0
-1.250264585,0.566427695,1
-1.322664293,0.009761623,1
-2.013465304,-2.91476532,3
-1.696537889,-1.889001176,3
-1.444490219,-0.288361935,0
3.986326928,0.867661256,2
6.714748194,0.679992391,2
-2.789721186,-2.274841444,3
3.589148583,0.578986669,2
-2.652769047,-3.082848218,3
-2.027880458,1.237392593,0
0.144074245,2.283195782,0
-1.701078859,1.608801181,1
2.851762496,-0.881542907,2
4.517473704,-0.932175871,2
-1.25709599,1.792844729,1
-0.583182759,0.329191469,1
3.301074486,-0.160833154,2
-2.571756602,2.149288094,0
-0.580254576,2.601064946,0
-1.303948591,0.501217381,0
-1.91358939,1.681551804,0
-2.22550319,2.177053057,0
-2.31240565,-2.74557788,3
-2.052562622,-1.752844219,3
2.324667381,2.179236347,2
-0.469716376,1.671976383,0
-0.282727248,1.547101995,0
-0.465369111,2.673825045,0
-2.199802912,-4.167469645,3
-2.583392135,0.135861188,1
-0.938738741,1.281759937,0
-1.497270835,0.774377864,1
4.990379494,-1.217256818,2
-0.949747216,0.003618073,3
-1.725004146,1.587610729,0
-0.481027551,-2.660211345,3
-1.721192053,1.771474623,0
3.955823437,0.476240915,2
-1.046743874,-1.349266636,3
-2.172949687,1.572728265,0
-0.175962603,1.369590553,1
-1.179710581,-0.58382658,0
-0.845655189,0.315140036,0
4.889672223,0.918557037,2
1.837131532,-0.140673742,2
-2.029605408,2.036714715,1
-0.570457894,-0.367780688,1
-1.85486961,-0.679524732,1
-0.352843044,1.419268583,1
-2.013908669,0.97723532,0
-1.636462765,-0.467074572,3
4.313144464,1.85440798,2
-1.77600856,-2.073176036,3
3.477690291,-0.681801251,2
4.13999017,0.393037848,2
-1.463284551,1.094860911,1
-2.123309472,-2.261697857,3
-0.656014598,-1.397465472,3
-2.200321458,2.115132636,0
3.257794875,-2.319993366,2
-1.653141629,2.097684289,1
-1.645913382,2.09068741,1
-2.513035708,1.568040007,1
-2.374896333,-3.257613882,3
2.978523188,0.243246541,2
3.238526145,-0.594611067,2
-0.061559513,1.078449316,1
2.158742031,-0.062699956,2
-0.558741208,0.042803194,1
-0.040188091,2.034591354,0
-2.423809945,-4.126806994,3
0.144175082,2.867623401,0
-0.976013054,-0.480848586,3
-0.552454297,2.492045606,1
3.348368877,-0.013542395,2
-3.011382824,-4.035364955,3
-1.671560785,-1.121925047,3
0.256158415,-2.314057704,3
0.916233618,2.038891994,1
-1.404424066,-1.439976373,3
-2.572227687,-3.089183451,3
-0.82207055,0.691385528,1
-1.898742423,2.510727922,0
-2.96542369,-0.031896009,3
4.065819949,-3.548137721,2
-2.29008269,-0.86068349,1
-2.821488692,0.542527823,1
4.657743541,0.546904104,2
-2.242914732,2.454514115,0
2.336081518,-0.90546498,2
-2.983271115,-4.240917635,3
-3.963519494,-2.177053268,3
4.267034161,-0.200243312,2
-2.581554134,1.381466055,0
5.211971952,-1.295191104,2
-2.393051891,-0.995138314,0
-0.318343853,-1.562078791,3
3.574471796,-1.182022528,2
-1.875292081,-4.315926628,3
-1.685310629,-0.860307171,1
-1.700598545,-2.53308111,3
-1.951694066,-3.409720089,3
-2.393212225,-3.663128357,3
-1.220267049,0.971342704,1
-3.341179316,-3.85643898,3
0.292930206,1.486915656,0
4.930779126,-0.69056877,2
-1.201387856,1.478787985,0
-2.032369542,-2.61091755,3
-2.368888717,-2.405714053,3
0.438504545,0.998697269,2
-2.426257156,-5.184409843,3
-2.219153667,-2.590683642,3
-0.92993675,0.156319987,0
-2.504308554,1.356953836,1
0.18118738,1.562928272,0
-2.575613801,-1.753416267,3
0.32272771,0.726337273,1
3.362025722,1.514836249,2
-1.40119463,3.179814491,1
1.979217745,-1.933981767,2
4.570600807,-0.58530131,2
-0.814422332,1.653578028,0
6.199805896,-2.198472417,2
-0.131902933,1.302763139,0
4.48319199,-2.533936221,2
4.826260598,0.634027143,2
-1.33175699,0.952541371,0
-1.516653677,1.270133578,0
-3.148606914,0.737395222,0
1.324456614,0.231212226,2
-3.345484705,-1.98301145,3
0.387121442,1.874476824,0
-0.24617801,-0.645439502,1
-2.692094066,-2.431140095,3
-2.442092639,0.507761531,1
-2.365198053,1.5541534,0
0.449329625,2.511144321,0
5.279986317,-1.431664735,2
-2.56458573,0.471070557,3
-2.837964986,1.31937503,0
-2.736162281,2.431461692,1
4.15072031,-0.39825529,2
4.168376312,0.654469754,2
0.02654857,0.950851615,0
5.385902201,0.580135689,2
-1.845552243,1.243109191,0
-0.6068734,0.600998908,1
-0.842236656,0.863599743,1
-1.750336022,0.197315928,0
-1.036332857,1.569427859,0
-1.68744781,1.757147054,1
-3.015909838,-3.632198984,3
2.733780188,-1.256123009,2
-0.88617056,0.300713752,0
4.751658776,0.764670168,2
-2.054886391,-2.723799718,3
3.665124093,-0.210899959,2
-1.662035046,-0.799545303,3
0.423612864,1.115609713,0
-1.583529966,1.406923167,1
-1.6417952,1.717253146,0
-1.561755232,1.857496722,1
-2.441899332,-2.900091298,3
-3.700775056,-0.560188809,3
-0.77527038,1.324257608,1
-0.932646873,1.456914925,0
3.287043185,-1.920377231,2
-1.858831403,0.998201738,0
5.793857801,-1.940608262,2
3.894288978,-0.383208224,2
5.106431088,-1.139543585,2
4.944195982,1.047084302,2
-1.452110098,0.708532298,1
-2.582395596,-3.367383518,3
-0.57188704,1.992791997,0
-1.301959521,-0.955303195,3
5.323468403,1.152132215,2
2.022449437,0.331810964,2
-2.855274523,0.530889911,0
-0.300539558,2.037951338,0
-1.576999997,1.45010764,0
-2.454906188,0.977101926,1
-1.915777007,1.416374537,1
-1.213350204,2.333374314,0
-2.348836974,2.410169315,0
0.484474014,0.392056296,1
-1.226674579,1.585293279,0
-1.753009375,1.277842527,0
1.48944063,0.942790778,2
-1.176308677,1.490218411,0
-2.354780507,-2.947655912,3
-1.707463347,2.254690989,0
-2.772557396,1.709467485,0
-0.0332637,0.155108444,1
4.075939221,-1.509394232,2
5.048613531,-1.994767113,2
-1.949443113,0.862122121,1
-0.937243365,1.531851809,1
-0.715546456,1.61339975,1
-1.341929966,1.9775825,0
-1.276046661,0.77316522,1
-0.140325366,1.230721225,0
-2.356862738,-1.485916772,3
-2.286793362,-3.040460716,3
-2.623359421,3.060104734,0
-0.765366767,3.081510379,1
-1.83889242,1.69382973,0
-1.11105888,1.995110274,0
2.947221622,-1.542387008,2
-0.532121461,2.001119408,0
-1.684896716,1.45828744,0
-2.261179108,0.977419704,1
-1.963980513,3.758605542,0
5.2638993,0.51113502,2
-0.167047126,0.549791599,1
-2.406786998,0.514676595,1
-1.674613669,1.568982907,1
-1.469584602,0.928246849,1
-1.868510542,-3.230108601,3
4.541266824,-2.330815313,2
-1.632715084,-2.08899992,3
2.020767857,-1.06387205,2
-1.68907092,1.524311249,1
-2.036211282,2.521580317,0
-2.439970762,-3.121867188,3
4.697433285,-0.164474945,2
-2.841931454,-3.381353509,3
3.801423447,0.038375477,2
3.693067006,-0.143517644,2
-1.095737202,1.982075607,1
2.183865083,0.736964536,2
-2.631976394,-3.197462649,3
-2.846166054,2.102599163,1
3.483923733,1.104996369,2
-0.203785347,2.789269083,0
-0.814198631,-0.886818604,3
4.691419203,-0.931377005,2
3.229575008,1.097210748,2
-1.149066176,2.034729559,1
-1.885813003,2.157498155,1
-0.818730607,1.276226563,1
4.861429608,0.158873718,2
1.33671246,0.359923909,2
-1.487572656,-1.214643736,3
3.155906234,-0.715172206,2
-1.10442208,-2.783160892,3
3.79650382,-2.536691033,2
-2.117791341,-3.515133673,3
-1.227832142,1.969995086,0
4.961205387,-0.560647793,2
-1.532426182,-1.617879318,3
-1.572614994,-0.866533754,3
4.462644003,-0.459833418,2
-1.605250731,1.287910945,0
3.01606014,-0.826636095,2
-0.92144656,0.842426576,0
5.422012685,-1.59765263,2
6.131362328,0.110610171,2
-0.891750194,0.840623864,1
-1.698766967,-2.313625739,3
2.961353479,0.486938719,2
-1.38169266,2.750030525,0
-1.910375752,1.899253329,0
-1.559040786,0.753204843,0
-2.325841559,0.67685781,1
3.218906208,2.033449748,2
-0.699148266,1.473963929,0
-1.001775676,-1.528899045,3
4.127765232,-1.905925728,2
0.829280193,0.759443854,1
-3.23998897,-0.070096846,1
4.53585214,-1.816595866,2
-3.597722633,-4.012797348,3
-1.185050449,1.367550067,1
-0.681229387,2.342569878,0
-0.772533066,0.650883102,1
0.71508121,2.218543666,0
3.981806758,-1.424599263,2
2.074451007,-0.044903211,2
4.637210749,-0.809580133,2
2.010398109,-0.097011672,2
3.854883249,-1.141458854,2
-1.268597511,2.079779689,0
-0.615187487,2.03365241,1
-0.853510812,-0.049168011,1
-1.223422288,0.640716719,1
-1.705197551,0.114038212,0
-2.740048288,-2.265930776,3
-2.360755972,-3.190223203,3
-2.145886164,2.257044608,1
-1.420782368,-0.731105606,1
-2.087672759,2.629959828,0
-0.455729819,0.738090679,0
-2.01064221,-2.310163334,3
-1.088475977,-0.07824111,1
-0.196404205,0.579424129,1
-1.261853114,2.901049685,1
3.727508981,-1.675004775,2
-2.225113538,-2.614021083,3
2.046416952,0.209947992,2
-1.138173735,1.703026942,1
4.124792407,-0.792363318,2
-0.906849483,0.031028706,1
4.584508877,0.603282143,2
-0.639565347,0.901682621,1
-1.212860467,-3.833372056,3
-1.607018433,1.208652643,0
0.095867989,0.787299045,1
5.511413504,-0.795094953,2
2.100958844,-1.632729736,2
-1.796797132,1.709700664,1
-1.62535436,3.269558052,0
-2.025479296,0.893292379,1
4.328680186,-1.04310065,2
-1.783533466,2.244087612,0
-1.647223074,1.828879485,0
4.399390526,-0.570567106,2
-0.04187758,1.141547259,0
3.468531447,0.475034238,2
-1.334644399,1.907184252,0
0.373832876,2.626795178,0
2.892655741,-0.165625801,2
-0.759300946,0.340050484,1
2.342422536,-0.67297599,2
-0.958812327,1.771319628,1
-1.890065093,1.075327314,0
-1.629052628,-2.939935781,3
-1.220265604,-2.268246286,3
4.606478239,0.244828845,2
-1.060866529,0.884758881,1
-0.456420146,1.086719314,1
0.576524922,2.140075933,0
-0.601208964,1.512993128,0
-3.160114974,1.699203076,1
-2.57439636,-2.620691819,3
-0.733418104,0.217560865,1
-1.234114856,-2.671734171,3
-2.698343444,-4.23128184,3
0.250441113,1.383052762,1
-1.391443375,2.05005131,0
1.109355923,0.78326687,1
-0.858630613,-0.749877029,0
-2.00661788,-2.959125757,3
4.893906597,0.592484375,2
5.759166417,-0.437863599,2
2.97968042,-1.022603387,2
-1.840816644,1.382442362,0
-1.430703459,0.298713596,0
-1.25152005,0.924797445,0
-1.062829696,1.170316647,1
-0.220263169,0.461215874,0
0.026552988,2.408333977,0
-0.876547451,1.347871853,0
4.175650719,-0.813677848,2
-2.360096159,-2.982404985,3
-0.72652143,3.375176935,0
4.3171795,-0.896939012,2
-0.639355974,1.788447623,0
5.529931819,-0.286321695,2
5.176598535,0.996885877,2
6.367004256,-1.46840957,2
-0.845609269,1.353544653,0
-0.68568157,0.756790386,0
4.399330192,0.307924266,2
-0.824757979,3.87911324,1
-1.535255639,-1.268832675,3
-1.574385183,1.177062413,0
-1.17325715,-2.007774796,3
-0.976345277,1.167900041,1
-0.677237674,2.501679102,0
-1.565228757,1.66127374,0
-1.562195949,1.734108455,0
-0.379704014,1.343356982,0
-0.970075625,1.14269949,0
6.040617638,0.47168939,2
-2.804240027,-1.803793198,3
-1.658790989,-0.004304006,0
-1.743222652,-0.733706612,1
-1.608566215,3.867382946,0
-2.911001506,-0.061529605,3
-2.036112667,-2.873444126,3
3.287109804,-0.397292711,2
4.146980914,-1.0010414,2
3.044542381,-0.092706058,2
-1.640893326,-1.934215119,3
0.698497674,-0.481635666,1
2.92469047,-0.199635824,2
1.720018873,0.421214779,2
-1.809662595,-2.420266482,3
-0.980131363,0.192867547,0
-1.441295854,-4.324348362,3
-1.828234773,-3.837891018,3
-0.818913011,1.888106776,1
2.686805077,0.134613111,2
-0.743399746,-0.017644805,1
-1.300339622,1.486637143,1
-1.596857167,2.059264496,1
3.915658509,-0.27645219,2
-0.32148041,-0.916823546,3
-0.47597865,-2.599171234,3
-2.685222243,1.534568292,0
-1.923333,1.990984572,0
-1.296206852,-2.590893449,3
-1.306120365,1.533665791,1
-2.660835802,-2.558015349,3
-1.079896473,0.784424975,1
3.058515989,0.45753912,2
-2.15269601,1.972701252,0
2.72780943,0.642195023,2
2.414136195,0.749512393,2
-1.896261392,1.164482883,1
-1.823295736,1.559902709,0
6.112651546,-0.892722666,2
6.212603663,-0.429467263,2
-2.126982335,-3.053334845,3
-1.697710042,1.413115578,1
-1.641803086,-0.868935347,3
2.325011456,0.165805584,2
5.25277772,1.602985625,2
1.482128661,0.286614026,2
0.286629431,3.828112046,1
-1.705662022,0.714420028,0
-1.378330779,-3.514727486,3
-0.968368818,0.87434189,1
-0.41373452,0.758132203,1
-1.636160684,1.736942606,1
-0.604403182,2.41098548,0
-1.83193147,-3.365411425,3
-1.510777622,-3.255716035,3
-1.447530946,2.040590947,0
-2.049687451,1.118726547,1
2.533776529,-0.768389048,2
-0.331034053,3.232654727,1
-0.633229598,-0.510843459,3
1.494129504,0.076595274,2
-0.505276112,-3.106484997,3
0.938312515,-1.846299978,2
-0.486147464,0.573152068,1
-0.127574147,0.202186902,1
-0.973084747,-1.384340415,3
-3.017681697,2.386219628,0
-0.543030386,0.893802322,0
-1.673138062,1.495398595,1
-0.931091075,1.552668871,0
-0.872141713,-3.643426884,3
-3.204508179,-0.598159282,3
-1.698230427,0.139777577,1
-1.208185362,-3.015470657,3
-1.859756472,1.865183537,0
2.029563249,-0.464753538,2
-2.198840823,-3.078531284,3
1.383546825,-0.084671678,2
-0.591271596,1.759774411,1
-3.309989802,0.010542669,3
-1.673959984,1.880072593,1
-0.168506231,1.499855994,0
-1.936742956,-3.285659984,3
-0.513233546,0.140297044,1
5.510195314,-0.528842979,2
-2.877644746,-3.488987756,3
3.978309656,-2.100968491,2
-1.959506764,1.968610422,0
2.850354448,1.063822852,2
7.056671823,-0.349992867,2
4.842150666,-0.427848294,2
-1.760957185,1.569786557,1
5.151980989,-0.320137119,2
2.647759294,-0.304177205,2
-0.066271824,1.192558457,1
3.493689914,-0.026837825,2
4.513045832,0.389980017,2
0.218956339,1.649199203,0
-1.195014172,1.101735327,0
2.885725568,0.985976791,2
-1.491173778,1.636644644,1
-1.026207686,0.465605107,1
-1.9361489,-4.196873852,3
2.015110941,0.268203695,2
-2.057803219,0.650642391,0
-2.799380116,-1.241014697,3
5.695023524,-0.504407735,2
-2.401257481,-0.060533784,1
3.282108057,0.210583279,2
-2.034642376,-3.945292881,3
-1.64369461,0.771023765,0
-1.531668209,2.625433939,0
-0.960499021,-0.464251187,1
1.546346839,-0.681370634,2
-2.701222952,-2.489624815,3
-2.856985549,-3.345944612,3
-1.373016517,0.975755107,1
-1.337440698,1.760579174,0
-2.215416051,-2.980683575,3
-1.977556088,-2.928018852,3
-1.483164055,-3.599809661,3
-2.106542042,0.846823607,0
-1.190326912,1.463862597,1
-1.39320916,1.450838926,1
4.178331104,0.494420509,2
-1.322510571,1.124862831,1
-1.698835237,2.070355029,1
-0.811883534,-1.620402022,3
-0.59934933,1.763925845,1
-1.012778767,-3.749051864,3
-2.53674838,-3.148317137,3
1.638405139,1.058781918,2
5.830420675,-0.626062063,2
-2.646881264,-1.061270034,3
3.876430918,-0.973993818,2
-0.954064366,-2.561343971,3
-2.20407412,-3.530340779,3
0.109659052,2.448829357,0
4.310558352,-0.29290927,2
5.445512811,-0.828157892,2
-1.948589628,-3.205561683,3
-1.178689344,-2.9369384,3
-0.387726524,2.960810489,1
-2.790692108,-2.151685077,3
-2.020651701,-2.737839988,3
-1.256452408,0.711790173,1
1.706542149,0.493959176,2
3.272268628,-0.730596849,2
-0.983639463,0.555628962,0
-0.242519531,-2.827381278,3
-1.076460307,1.817170717,1
4.258463302,-2.431592078,2
-2.187565053,-0.489662159,3
2.514345339,-0.02147052,2
2.380776659,-0.065463267,2
-2.361171566,-0.257486611,1
-2.028220255,-1.050561485,1
-2.097514306,-1.043991069,3
-0.151453626,-3.226308047,3
3.833996244,-0.159286875,2
-1.428194802,1.660788903,1
-1.503002833,2.532837661,1
-2.413635131,1.420735154,1
-1.237491946,-1.855042166,3
-1.060110567,2.330884659,1
-2.117653399,1.713137211,0
-2.118701489,1.766369831,0
-0.019190573,1.837868784,0
-1.341140051,1.649113094,0
-2.087470019,-2.450210974,3
-2.168442002,1.620536505,1
-1.428844591,0.495976507,0
-1.539502546,2.135005255,0
-1.597339799,-3.005437468,3
-0.973466537,1.333643731,0
-1.676835983,1.591250828,0
-1.230506387,1.661774614,0
-2.444006261,-4.060894923,3
1.944176078,0.987398145,2
-0.581444728,0.302147487,0
5.340013172,0.015790721,2
-1.122790155,2.03675086,1
-1.125797532,1.011648062,1
-1.08721387,1.504462968,0
4.383826255,-0.855564667,2
-1.381554819,0.438754716,0
0.067305064,1.533154271,1
-3.947656925,-2.863997446,3
-1.157295855,1.487893579,1
-1.411543517,-2.697396034,3
-2.091119617,1.079531365,0
0.88502711,1.000827622,2
-2.664750239,1.531057823,0
4.435915667,-0.042271518,2
-2.920745444,-1.43123729,3
1.562597301,-0.299013872,2
4.618260264,-0.6357697,2
2.171115561,-0.506744487,2
-0.276897242,0.734501644,1
-0.523953682,2.242311327,1
5.087107028,-1.368927808,2
2.302893763,-0.404212828,2
3.792118676,1.330699146,2
-0.637224438,0.276385665,1
-0.926784208,1.014006303,0
-2.18232629,-0.492385774,3
-0.413049432,-2.908206829,3
-0.573523561,-1.184749922,0
0.250898688,2.144051665,0
-0.994357578,1.05675984,1
1.122567825,2.774994995,1
-2.88918623,-5.422976301,3
-1.625367324,-3.428465696,3
4.555687967,-1.67654787,2
3.814608579,1.032029736,2
2.514202119,-1.883114029,2
-1.187751829,1.115252638,1
3.403516795,-0.190655786,2
-0.959059928,-1.309522801,3
-1.154221013,0.967956928,0
-0.946684289,0.945477462,1
4.78746045,-0.603064006,2
-0.365438552,3.141419964,0
-1.417474369,2.382729303,1
-1.531064398,-1.801692412,3
-2.233634635,0.83395261,0
-1.763216956,-0.879475366,3
-1.936107403,-3.752173364,3
-3.402452979,-2.873353465,3
-1.817943015,1.545121225,0
-0.623130833,1.321777841,0
-1.148323306,-0.169813073,3
-1.175539337,-1.397029665,3
-1.627196841,-2.526179361,3
3.605920201,-2.000434532,2
-1.217677017,-0.303919952,1
-1.97714504,-0.723324008,1
-0.520818327,1.474662327,0
-1.114624371,1.599320112,0
-1.732691747,1.606695492,0
-2.011448723,1.648668974,0
-1.765049971,-2.182332716,3
-2.278600417,0.220840766,1
2.743472899,-0.544432952,2
-1.689238431,1.680138072,1
-1.537319169,-0.367346793,3
-1.723869455,1.787149542,0
-0.168513756,-0.520514796,0
1.823182574,0.985119023,2
-2.896807856,0.228208064,1
-1.209453776,1.795256673,1
-1.540841732,1.458324353,0
-0.710221141,0.820898632,0
-2.63752382,1.924767651,0
3.093383749,-0.63364796,2
-1.349901858,0.806722065,1
-1.213221538,-2.458853193,3
5.155498969,-1.054870803,2
-2.52253075,-4.655504091,3
-2.476392751,-4.909497108,3
-2.141046939,-1.197129462,3
4.500713664,0.969021198,2
2.901033658,-1.031194711,2
-3.198068774,-3.085568406,3
3.770472725,0.002851653,2
-0.053623424,0.316644589,0
-1.470313604,-2.396063057,3
-0.492225217,1.568003011,1
4.385159875,-0.03872753,2
-3.716066518,-2.441967885,3
-0.66072696,0.758961275,1
-2.14162606,1.69148094,0
-2.263110573,0.171460256,0
-1.255889019,1.089272544,0
2.408978646,1.333951819,2
3.144863371,-0.015715424,2
-1.543618409,2.271144437,0
-2.538739967,1.320104171,0
4.352893612,0.691752678,2
-1.461219573,-1.69931875,3
2.755860042,0.231367223,2
-3.570091317,3.527233262,0
0.082359749,3.12592229,0
4.187772369,-1.34656311,2
-0.842705769,1.653943922,1
-1.245010676,-2.667998343,3
-0.298476209,2.013073895,1
4.523627203,-0.597507199,2
-1.269861694,-2.989811522,3
1.071921667,0.843070329,1
4.788673076,0.007910892,2
-2.10656111,-3.0789431,3
-0.773541024,1.43466379,1
-1.584607969,0.471888766,1
-1.276588562,1.782625889,0
-1.161534698,2.390039576,1
-0.522094326,1.650776753,1
0.326288246,3.48589535,1
-1.563134626,1.336120965,0
0.952112343,-0.75679217,2
-2.170474101,-3.272166883,3
1.254969404,-2.408655857,3
-1.233489756,0.29151569,1
-2.050338215,-1.267896334,3
1.20693071,-3.272545114,2
-0.342674228,1.866714169,0
2.091402952,0.216558344,2
-0.968376781,1.025920971,1
-1.13591031,0.68780656,0
2.606450792,0.790948737,2
-0.297243422,0.106794358,0
-2.47652106,-0.725298455,3
-1.172784863,1.871952173,0
3.249058121,0.064619139,2
-3.123459041,-4.309793204,3
-3.346953586,0.865633982,1
1.789128192,-1.710822354,2
-1.383021268,1.803174803,1
-2.461726816,-1.433909554,3
5.745797791,2.082769424,2
-2.252299896,1.561388401,0
-0.724815913,1.517021052,1
3.36495781,-0.628645476,2
-1.549194381,1.46233844,1
-2.757533925,0.641357207,1
-1.79095014,2.101676732,0
3.606132621,0.156934003,2
5.347981757,0.411175244,2
-0.255877171,3.586176122,0
-0.117588814,2.152910429,0
-1.786520146,-2.873888947,3
-1.688997917,0.420644509,1
-2.395257985,-3.839049837,3
-1.145019931,-1.827662604,3
4.264603029,-1.453086803,2
-2.543614957,1.310960194,1
3.467878473,0.635062432,2
-1.95250866,1.101761873,1
-2.085156882,-0.468691377,3
-1.235164018,1.340407174,1
7.892221243,-1.203110682,2
1.824213415,0.410584919,2
-1.244952423,2.778784666,0
-2.174931889,1.220937683,1
0.226495822,2.438023299,1
-0.60076345,2.836781862,0
-3.163742837,-1.622753811,3
-3.480891323,-3.402541137,3
-0.690406895,1.66308605,1
-0.679538372,2.755872642,0
5.429688415,-2.478130226,2
0.210447576,2.673635476,0
-2.163142129,-2.462618001,3
-1.422101813,0.811996256,0
-1.210997288,2.411562506,0
-1.673842667,1.863411338,0
-0.239418595,1.422844927,0
-1.8142645,2.319635634,0
5.978819799,-0.656889483,2
3.293632384,-0.365017658,2
-3.251898163,-1.812715917,3
-1.016131902,2.438925231,0
0.341717192,2.13457844,0
-2.717511696,2.993835692,0
3.611671342,-1.021488657,2
-0.745093191,3.416803664,0
-2.328505787,-0.037178862,1
3.347493762,-0.634975754,2
-1.889209626,1.075969917,0
0.309994967,0.051685312,1
-1.968906225,0.604619569,1
-1.201429266,2.355053854,1
4.747620151,0.275350033,2
-2.511351109,-3.82796188,3
4.56869183,-1.308106587,2
4.59982437,-1.595027729,2
-1.491244693,-1.536200268,3
-2.109472365,2.826369459,0
-1.939813768,-4.263821485,3
-1.426274458,1.635094304,0
4.429060598,-2.50609049,2
0.428003273,0.670274899,1
-1.21739581,1.222875754,1
1.301092337,-0.024259058,1
3.649148178,0.365337858,2
-1.592656041,1.494095284,1
-2.590101823,-2.820935893,3
-2.420174481,-2.430376592,3
4.198143754,-1.660955162,2
-1.433086598,-3.448406719,3
-2.325367476,2.234647006,1
-1.912788664,-3.8656861,3
-1.409940463,0.651849978,1
-2.025226892,1.211340431,0
-1.20908717,1.10391712,1
2.821703368,-0.170670584,2
3.572618268,-0.065572688,2
-0.878307294,0.647402611,0
-0.460324251,-2.457464294,3
-1.391556831,1.44431836,1
-2.296872933,-3.599891412,3
-1.669904308,0.493216116,1
5.470234762,-0.767374256,2
-0.491389278,-2.140743372,3
-2.383371315,0.70270746,0
-0.819610154,1.296025518,0
2.316741543,0.222875424,2
0.777896585,2.060547762,1
5.990969219,-3.286210828,2
-2.229608597,-2.447232336,3
-1.343567524,1.627943717,1
2.44573177,-0.053268655,2
-0.056203845,2.01264185,0
1.612108079,-0.257929894,2
-0.682976913,-0.032706833,1
-0.266817445,1.474965276,0
-2.426070651,-0.646601344,3
-0.813523835,1.799730868,0
-2.395487618,1.161470389,0
2.587406739,3.137881289,2
-1.269108076,1.480732327,1
-1.828051959,0.731530437,1
-1.196563333,0.917624788,1
1.396442901,-2.841317802,2
-1.516468309,1.308492534,0
-1.846395348,-1.858633645,3
4.263636684,-0.5659801,2
-1.254755798,2.107556117,1
3.075564429,1.014714577,2
-2.176650271,-1.835302417,3
2.963869599,-0.588124294,2
5.404066911,-0.015368077,2
-1.496215221,-0.957993937,3
-1.659293143,-1.609105045,3
-2.36987684,1.293474204,0
-1.71773195,1.044548819,1
-2.976287646,-4.927456207,3
2.407640412,0.672568249,2
-1.175692074,-2.993921796,3
-1.145741672,0.260294073,0
-1.682105977,1.43790499,0
-2.020064292,1.943862712,0
3.083566946,-1.037669464,2
-2.262733849,1.77541962,0
3.617273061,-2.197305737,2
2.952206707,-1.094044154,2
-0.959099059,1.964733159,0
-2.039929612,-2.652371972,3
-0.666541103,3.27175295,1
4.662963983,-0.027422958,2
-1.154593766,-0.251408484,0
2.53442757,-0.641453286,2
0.44019402,1.921783324,1
-0.300234392,-1.340329302,3
-1.66715139,-0.37031139,1
-1.652421534,-1.98584573,3
6.481964205,-0.397674295,2
0.354079656,0.678299668,1
-1.227965473,0.082643125,1
-2.884533951,0.318876725,0
